date,smlo,smme,smhi,bilo,bime,bihi,mkt_exc,rf
19260731,0.0153,0.009,0.0009,0.0574,0.0192,0.0135,0.0262,0.0022
19260831,-0.0068,0.0225,0.0556,0.027,0.027,0.0621,0.0256,0.0025
19260930,-0.0248,-0.0006,-0.0057,0.0146,0.0005,-0.0046,0.0036,0.0023
19261030,-0.0358,-0.046,-0.017,-0.036,-0.0236,-0.0405,-0.0343,0.0032
19261130,0.0272,0.0374,0.0216,0.033,0.0281,0.0324,0.0244,0.0031
19261231,0.0307,0.0166,0.0322,0.0282,0.027,0.0247,0.0277,0.0028
19270131,-0.0086,-0.0003,0.0415,-0.0019,-0.0003,0.0437,-0.0011,0.0025
19270228,0.0304,0.0702,0.0633,0.0513,0.0345,0.0853,0.0432,0.0026
19270331,-0.0203,-0.01,-0.0327,0.0165,-0.0007,-0.0227,0.0032,0.003
19270430,-0.0134,0.0038,0.0392,0.0314,-0.0084,-0.0022,0.0041,0.0025
19270531,0.054,0.0354,0.1355,0.0541,0.0509,0.0739,0.0539,0.003
19270630,-0.006,0.009,-0.0394,-0.0091,-0.0304,-0.0165,-0.023,0.0026
19270730,0.0366,0.0514,0.0388,0.0924,0.0674,0.0731,0.0727,0.003
19270831,0.0265,-0.0205,0.0123,0.0485,0.0124,-0.0201,0.0242,0.0028
19270930,0.0268,0.0244,-0.0009,0.0518,0.0438,0.0579,0.0469,0.0021
19271031,-0.0011,-0.0217,-0.063,-0.0382,-0.0437,-0.0652,-0.0444,0.0025
19271130,0.1014,0.0772,0.1042,0.0708,0.0676,0.0677,0.0666,0.0021
19271231,0.058,0.0285,0.0273,0.0231,0.0198,0.0392,0.0215,0.0022
19280131,0.0336,0.0301,0.0325,-0.0028,-0.0048,-0.0281,-0.006,0.0025
19280229,-0.05,-0.0189,-0.039,-0.0067,-0.0123,-0.0302,-0.0177,0.0033
19280331,0.0719,0.0891,0.0919,0.1234,0.0616,0.0751,0.088,0.0029
19280430,0.0398,0.1071,0.1014,0.0301,0.0592,0.0369,0.041,0.0022
19280531,0.0708,0.0245,0.0241,0.0278,-0.0006,0.0004,0.0152,0.0032
19280630,-0.0859,-0.0838,-0.0695,-0.038,-0.0403,-0.053,-0.0484,0.0031
19280731,-0.011,-0.011,-0.0046,0.0143,0.0016,0.0065,0.0069,0.0032
19280831,0.0503,0.0466,0.0369,0.0858,0.0556,0.0567,0.0664,0.0032
19280929,0.0426,0.0451,0.0637,0.0363,0.0197,0.0423,0.0287,0.0027
19281031,0.0603,0.0385,0.0152,0.012,0.0162,0.0046,0.0147,0.0041
19281130,0.0665,0.1076,0.1246,0.1113,0.1342,0.1192,0.1175,0.0038
19281231,-0.0016,-0.0133,-0.0012,0.0083,0.0008,0.0076,0.0047,0.0006
19290131,0.0059,0.0214,0.0146,0.0603,0.0488,0.0167,0.0487,0.0034
19290228,0.0061,0.0141,0.0145,-0.0063,0.011,0.004,-0.0038,0.0036
19290328,-0.0594,-0.0298,-0.0453,-0.0165,0.0234,-0.0107,-0.0114,0.0034
19290430,-0.0002,0.0242,0.0079,0.0213,0.0127,0.0224,0.0132,0.0036
19290531,-0.0966,-0.098,-0.1303,-0.0561,-0.0477,-0.0083,-0.0635,0.0044
19290629,0.0591,0.1007,0.0665,0.121,0.0936,0.0639,0.0945,0.0052
19290731,0.0048,-0.0117,0.025,0.0354,0.059,0.055,0.042,0.0033
19290830,-0.0106,-0.0009,0,0.0736,0.1252,0.0533,0.0816,0.004
19290930,-0.0348,-0.0417,-0.0384,-0.0456,-0.0474,-0.0644,-0.0535,0.0035
19291031,-0.2251,-0.1871,-0.1831,-0.2407,-0.1378,-0.1037,-0.2001,0.0046
19291127,-0.1538,-0.0984,-0.1322,-0.1415,-0.1079,-0.0691,-0.127,0.0037
19291231,-0.0454,-0.0233,-0.0156,0.0364,0.0068,0.0115,0.0143,0.0037
19300131,0.0889,0.0858,0.0855,0.0687,0.0312,0.0264,0.0552,0.0014
19300228,0.0352,0.0085,0.0408,0.0318,0.0166,0.0152,0.0247,0.003
19300331,0.0915,0.114,0.1101,0.066,0.0835,0.0547,0.0715,0.0035
19300430,-0.0575,-0.0168,-0.0528,-0.0192,-0.0247,-0.0629,-0.023,0.0021
19300529,-0.0257,-0.0257,-0.0345,0.0043,-0.0184,-0.0183,-0.0159,0.0026
19300630,-0.1806,-0.157,-0.1909,-0.1758,-0.1295,-0.1234,-0.1606,0.0027
19300731,0.0827,0.0381,0.0248,0.0434,0.0346,0.0506,0.0377,0.002
19300829,-0.0358,-0.0162,-0.0255,0.0096,-0.005,-0.0183,0.0032,0.0009
19300930,-0.1446,-0.1423,-0.1841,-0.1226,-0.1114,-0.1721,-0.1262,0.0022
19301031,-0.1122,-0.0897,-0.1068,-0.0943,-0.0719,-0.1119,-0.0879,0.0009
19301129,-0.0095,-0.0224,-0.0193,-0.0166,-0.0364,-0.0649,-0.0273,0.0013
19301231,-0.1094,-0.1152,-0.1748,-0.0636,-0.0882,-0.0985,-0.0798,0.0014
19310131,0.1115,0.0948,0.1703,0.0455,0.0793,0.1379,0.061,0.0015
19310228,0.1228,0.1157,0.1646,0.1255,0.0683,0.128,0.109,0.0004
19310331,-0.0383,-0.0412,-0.0681,-0.052,-0.0959,-0.0837,-0.0653,0.0013
19310430,-0.1309,-0.1502,-0.1782,-0.0911,-0.1106,-0.1116,-0.0993,0.0008
19310529,-0.0977,-0.0862,-0.1305,-0.1116,-0.1734,-0.205,-0.1338,0.0009
19310630,0.0978,0.0866,0.1933,0.1303,0.1705,0.2464,0.1372,0.0008
19310731,-0.0662,-0.1031,-0.059,-0.0497,-0.101,-0.1321,-0.0656,0.0006
19310831,-0.0067,0.0024,-0.0433,0.0079,-0.0163,-0.005,0.002,0.0003
19310930,-0.2712,-0.311,-0.3306,-0.2808,-0.2801,-0.3545,-0.2904,0.0003
19311031,0.053,0.0856,0.0482,0.0926,0.032,0.1063,0.0782,0.001
19311130,-0.0683,-0.0727,-0.093,-0.063,-0.1673,-0.1594,-0.0905,0.0017
19311231,-0.1439,-0.1674,-0.2215,-0.114,-0.1877,-0.2155,-0.1346,0.0012
19320130,0.0072,0.0631,0.1071,-0.034,0.0184,0.0799,-0.0131,0.0023
19320229,0.0349,0.0195,-0.0035,0.0688,0.0172,0.0048,0.0537,0.0023
19320331,-0.1357,-0.0914,-0.1147,-0.0996,-0.1536,-0.1406,-0.1103,0.0016
19320430,-0.1898,-0.1545,-0.1833,-0.1771,-0.2006,-0.2019,-0.1803,0.0011
19320531,-0.1652,-0.2384,-0.1798,-0.1959,-0.2601,-0.2619,-0.2081,0.0006
19320630,0.0052,0.0566,0.0023,-0.0193,0.0046,0.0935,-0.0053,0.0002
19320730,0.307,0.3502,0.6133,0.2793,0.4874,0.6825,0.3372,0.0003
19320831,0.6054,0.5504,0.8524,0.3089,0.5053,0.6166,0.3657,0.0003
19320930,-0.0247,-0.0556,-0.12,-0.0158,-0.0622,-0.0487,-0.0312,0.0003
19321031,-0.1597,-0.1993,-0.2329,-0.1063,-0.1742,-0.2326,-0.1314,0.0002
19321130,-0.021,-0.0872,-0.1267,-0.024,-0.0894,-0.1636,-0.0559,0.0002
19321231,-0.0816,-0.0594,-0.1102,0.069,0.0123,-0.0408,0.0457,0.0001
19330131,0.0071,0.0145,0.075,-0.0004,0.0309,0.0966,0.0097,0.0001
19330228,-0.1835,-0.1816,-0.2155,-0.1463,-0.164,-0.1724,-0.15,-0.0003
19330331,0.0913,0.061,0.1723,0.011,0.0972,0.0695,0.0336,0.0004
19330429,0.4537,0.5481,0.5777,0.3255,0.5152,0.5682,0.3827,0.001
19330531,0.6563,0.6412,0.7193,0.1704,0.264,0.4111,0.2115,0.0004
19330630,0.3377,0.2362,0.1746,0.1157,0.1544,0.2244,0.1342,0.0002
19330731,-0.1041,-0.1288,-0.0895,-0.0888,-0.1296,-0.0917,-0.0963,0.0002
19330831,0.0849,0.1051,0.0847,0.1064,0.1595,0.1821,0.121,0.0003
19330930,-0.0593,-0.1366,-0.2133,-0.0901,-0.1214,-0.2052,-0.1049,0.0002
19331031,-0.0826,-0.1205,-0.135,-0.0614,-0.1083,-0.1802,-0.0833,0.0001
19331129,0.0475,0.0432,0.0551,0.096,0.1249,0.1304,0.0997,0.0002
19331230,0.0481,0.0369,0.011,0.0238,0.0195,0.0327,0.0198,0.0002
19340131,0.1945,0.2912,0.3744,0.1049,0.1664,0.2535,0.1293,0.0005
19340228,-0.0085,0.0109,0.0583,-0.0215,-0.0324,-0.0381,-0.0235,0.0002
19340331,0.0534,0.0183,-0.0052,0.0007,-0.0003,-0.0132,0.0046,0.0002
19340430,0.0439,-0.0043,-0.0264,-0.0172,-0.0232,-0.0474,-0.018,0.0001
19340531,-0.0656,-0.0963,-0.124,-0.0621,-0.0831,-0.1462,-0.0711,0.0001
19340630,0.0275,0.0016,-0.0207,0.0266,0.0225,0.0307,0.0251,0.0001
19340731,-0.19,-0.2123,-0.2512,-0.0811,-0.1185,-0.2611,-0.1083,0.0001
19340831,0.1082,0.0878,0.1301,0.0661,0.0408,0.0814,0.0595,0.0001
19340929,-0.0218,0.0025,-0.0319,-0.0039,-0.002,-0.0001,-0.0031,0.0001
19341031,-0.0179,-0.0153,-0.0396,-0.0053,-0.0291,-0.0763,-0.0194,0.0001
19341130,0.192,0.1556,0.1253,0.1047,0.055,0.0863,0.084,0.0001
19341231,0.0441,0.0232,0.0094,0.0087,0.0021,-0.0223,0.0038,0.0001
19350131,-0.0652,-0.0367,-0.031,-0.028,-0.031,-0.1065,-0.0329,0.0001
19350228,-0.0451,-0.0436,-0.0607,-0.0069,-0.023,-0.1345,-0.0188,0.0002
19350330,-0.0532,-0.0837,-0.1124,-0.0329,-0.0333,-0.0701,-0.0371,0.0001
19350430,0.0611,0.0915,0.1018,0.078,0.1,0.1391,0.0891,0.0001
19350531,-0.0187,0.0196,0.0039,0.0304,0.0462,0.0455,0.0347,0.0001
19350629,-0.0414,0.0733,0.0088,0.0573,0.0569,0.0926,0.0552,0.0001
19350731,0.1295,0.1328,0.1286,0.0694,0.0624,0.17,0.0735,0.0001
19350831,0.0593,0.0915,0.1543,0.0246,0.0225,0.0324,0.026,0.0001
19350930,0.0507,0.0542,-0.0186,0.0446,0.0067,0.0173,0.0258,0.0001
19351031,0.0811,0.1111,0.0846,0.0699,0.0799,0.0578,0.0712,0.0001
19351130,0.0971,0.1068,0.1937,0.0285,0.0566,0.1425,0.0517,0.0002
19351231,0.0819,0.0889,0.0317,0.0292,0.0597,0.0848,0.046,0.0001
19360131,0.1159,0.0951,0.2246,0.0273,0.0949,0.1204,0.066,0.0001
19360229,0.0286,0.066,0.0515,0.0192,0.0282,0.0757,0.0256,0.0001
19360331,0.009,0.0317,0.0068,0.028,0.0011,-0.0145,0.0092,0.0002
19360430,-0.1581,-0.131,-0.1665,-0.0666,-0.083,-0.1018,-0.0807,0.0002
19360529,0.0533,0.0482,0.0875,0.047,0.051,0.0665,0.0501,0.0002
19360630,-0.0244,0.0009,-0.0103,0.0364,0.0228,0.003,0.0257,0.0003
19360731,0.1162,0.0729,0.0838,0.0562,0.0675,0.1156,0.0645,0.0001
19360831,0.001,0.0188,0.0358,0.0039,0.0085,0.0458,0.0106,0.0002
19360930,0.0386,0.0437,0.0413,0.0151,0.009,0.006,0.0142,0.0001
19361031,0.0484,0.0657,0.0575,0.0621,0.0899,0.0851,0.0689,0.0002
19361130,0.107,0.0816,0.1246,0.0373,0.0263,-0.0006,0.0332,0.0001
19361231,0.0222,0.026,0.082,-0.0212,0.0231,0.0181,0.0021,0
19370130,0.0653,0.0694,0.1055,0.0372,0.0154,0.0614,0.0324,0.0001
19370227,0.0347,0.0212,0.0588,-0.002,0.005,0.0926,0.0128,0.0002
19370331,-0.0383,-0.0021,0.0217,-0.018,0.001,0.0629,-0.0036,0.0001
19370430,-0.0871,-0.1125,-0.1415,-0.0668,-0.0617,-0.1106,-0.0745,0.0003
19370528,0.0014,-0.0168,-0.0419,-0.0028,-0.0093,-0.0228,-0.0092,0.0006
19370630,-0.0661,-0.0772,-0.0983,-0.0418,-0.0274,-0.0809,-0.0419,0.0003
19370731,0.1192,0.0926,0.1039,0.0904,0.0817,0.1086,0.0886,0.0003
19370831,-0.0486,-0.0536,-0.0523,-0.0428,-0.0482,-0.0789,-0.0488,0.0002
19370930,-0.2093,-0.2061,-0.2289,-0.1202,-0.1298,-0.1915,-0.1358,0.0004
19371030,-0.1194,-0.0943,-0.0979,-0.0979,-0.0788,-0.1501,-0.0949,0.0002
19371130,-0.1207,-0.1198,-0.1117,-0.0874,-0.0757,-0.092,-0.0839,0.0002
19371231,-0.1314,-0.1061,-0.1293,-0.0409,-0.0316,-0.0602,-0.0401,0
19380131,0.0531,0.0591,0.0408,0.0159,-0.0025,-0.0162,0.0076,0
19380228,0.09,0.057,0.048,0.06,0.0541,0.0628,0.0579,0
19380331,-0.3014,-0.2808,-0.2992,-0.2288,-0.2266,-0.3193,-0.237,-0.0001
19380430,0.2238,0.2049,0.1994,0.1336,0.146,0.1509,0.1455,0.0001
19380531,-0.0743,-0.0763,-0.0563,-0.0363,-0.0368,-0.0626,-0.0392,0
19380630,0.3084,0.2917,0.2853,0.2517,0.2107,0.3169,0.2361,0
19380730,0.148,0.1439,0.1417,0.0686,0.073,0.0904,0.072,-0.0001
19380831,-0.0527,-0.0494,-0.0908,-0.0054,-0.0613,-0.0525,-0.0272,0
19380930,-0.0214,-0.0225,-0.0237,0.013,0.0052,-0.0098,0.0084,0.0002
19381031,0.1609,0.1537,0.1662,0.0669,0.0742,0.1413,0.0777,0.0001
19381130,-0.0545,-0.021,-0.0569,-0.0112,-0.0245,-0.024,-0.0177,-0.0006
19381231,0.0585,0.0364,0.0166,0.0327,0.0444,0.09,0.041,0
19390131,-0.0805,-0.0933,-0.0924,-0.0519,-0.0608,-0.1104,-0.0595,-0.0001
19390228,0.0297,0.0531,0.0595,0.0332,0.0316,0.068,0.0348,0.0001
19390331,-0.1848,-0.1897,-0.2344,-0.0971,-0.1358,-0.2137,-0.1191,-0.0001
19390429,-0.0045,-0.0035,0.0319,-0.0017,-0.0013,-0.0323,-0.0023,0
19390531,0.1314,0.0946,0.106,0.0685,0.0549,0.0924,0.0686,0.0001
19390630,-0.0737,-0.0832,-0.1152,-0.0442,-0.0638,-0.1135,-0.0529,0.0001
19390731,0.1661,0.1547,0.1516,0.1117,0.0849,0.1373,0.1018,0
19390831,-0.1183,-0.1178,-0.1292,-0.0608,-0.0599,-0.1096,-0.066,-0.0001
19390930,0.3405,0.381,0.5409,0.1299,0.1747,0.3948,0.1595,0.0001
19391031,0.0086,-0.0056,-0.0436,0.001,-0.0094,-0.0399,-0.0038,0
19391130,-0.0724,-0.0874,-0.1327,-0.0259,-0.0375,-0.0964,-0.0368,0
19391230,0.0599,0.0248,0.0078,0.0369,0.0233,0.0121,0.0303,0
19400131,-0.0382,-0.0197,-0.029,-0.0212,-0.0264,-0.0455,-0.024,0
19400229,0.043,0.0364,0.0295,0.0099,0.015,0.0146,0.0137,0
19400330,0.0501,0.0315,0.0289,0.0241,0.0148,0.0228,0.0189,0
19400430,0.0502,0.0261,0.0384,0.0003,0.0007,0.0064,0.0012,0
19400531,-0.2657,-0.2748,-0.3197,-0.2189,-0.2092,-0.2458,-0.2201,-0.0002
19400629,0.0401,0.0512,0.0782,0.0491,0.0835,0.107,0.0667,0
19400731,0.0472,0.0474,0.0327,0.0348,0.0284,0.038,0.0321,0.0001
19400831,0.0249,0.0301,0.0232,0.0216,0.0182,0.0327,0.0241,-0.0001
19400930,0.0638,0.0481,0.0466,0.032,0.0096,0.0151,0.023,0
19401031,0.0286,0.0571,0.0638,0.0099,0.0614,0.0833,0.0297,0
19401130,-0.0003,0.0127,0.0049,-0.0175,-0.014,-0.0129,-0.0163,0
19401231,-0.0055,-0.0093,-0.0339,0.0055,0.0104,0.0076,0.0068,0
19410131,-0.042,-0.028,-0.0082,-0.0488,-0.0367,-0.0181,-0.0404,-0.0001
19410228,-0.0289,-0.0165,-0.025,-0.0182,-0.0148,-0.001,-0.0147,-0.0001
19410331,-0.0006,0.0142,0.0368,0.0063,0.0128,0.0278,0.0095,0.0001
19410430,-0.0716,-0.0547,-0.0495,-0.0628,-0.0459,-0.0164,-0.053,-0.0001
19410531,0.0136,0.0114,0.0111,0.0111,0.0262,0.0239,0.0139,0
19410630,0.0435,0.0649,0.0854,0.0629,0.0523,0.0343,0.0587,0
19410731,0.1091,0.1085,0.1833,0.0379,0.082,0.1088,0.0592,0.0003
19410830,-0.0101,-0.0139,-0.0049,0.0085,-0.0119,-0.0207,-0.0006,0.0001
19410930,-0.0415,-0.0112,-0.0253,-0.0015,-0.0214,-0.0122,-0.0076,0.0001
19411031,-0.0564,-0.0561,-0.0657,-0.0581,-0.0345,-0.0226,-0.0518,0
19411129,-0.0069,-0.0341,-0.0297,-0.0209,-0.0074,-0.0109,-0.0194,0
19411231,-0.0738,-0.0832,-0.1236,-0.0417,-0.0463,-0.0927,-0.0468,0.0001
19420131,0.075,0.1024,0.145,-0.0208,0.01,0.1078,0.007,0.0002
19420228,0.0054,-0.0126,-0.0169,-0.0228,-0.0304,-0.0216,-0.0242,0.0001
19420331,-0.0334,-0.0339,-0.0595,-0.0598,-0.0775,-0.0581,-0.0658,0.0001
19420430,-0.0656,-0.0376,-0.0444,-0.0459,-0.041,-0.0296,-0.0432,0.0001
19420529,0.0015,0.0253,0.0119,0.0732,0.053,0.0034,0.0607,0.0003
19420630,0.012,0.0165,0.0242,0.0309,0.0251,0.0238,0.0253,0.0002
19420731,0.0465,0.0413,0.0495,0.0268,0.0451,0.0751,0.0346,0.0003
19420831,0.0183,0.0332,0.0231,0.0167,0.0188,0.0507,0.0184,0.0003
19420930,0.0105,0.0341,0.0572,0.0258,0.0248,0.047,0.026,0.0003
19421031,0.0782,0.0747,0.1442,0.0517,0.0843,0.1194,0.0674,0.0003
19421130,-0.0041,-0.016,-0.0442,0.0128,-0.0002,-0.054,0.0022,0.0003
19421231,0.0224,0.0319,0.0392,0.0479,0.0615,0.0467,0.0501,0.0003
19430130,0.1216,0.1373,0.2284,0.0543,0.0819,0.1008,0.073,0.0003
19430227,0.115,0.0941,0.1679,0.0486,0.0703,0.1239,0.0596,0.0003
19430331,0.1003,0.1198,0.1459,0.0441,0.0731,0.1089,0.0618,0.0003
19430430,-0.0049,0.0268,0.0832,-0.002,0.0126,0.037,0.0066,0.0003
19430529,0.0816,0.0985,0.1254,0.0508,0.0591,0.0695,0.0569,0.0003
19430630,-0.0028,0.0116,0.0054,0.0222,0.016,-0.005,0.0166,0.0003
19430731,-0.055,-0.0687,-0.0938,-0.0442,-0.038,-0.0549,-0.0465,0.0003
19430831,0.0082,0.0003,-0.0002,0.0133,0.0149,0.0039,0.0127,0.0003
19430930,0.0346,0.0283,0.0547,0.0234,0.0247,0.0304,0.0242,0.0003
19431030,-0.0008,-0.0009,0.0072,-0.0155,-0.009,0.003,-0.0125,0.0003
19431130,-0.0635,-0.0818,-0.1101,-0.0458,-0.0656,-0.0967,-0.0588,0.0003
19431231,0.0738,0.1086,0.117,0.0557,0.07,0.0751,0.0633,0.0003
19440131,0.0488,0.0356,0.0646,0.0096,0.0156,0.0486,0.0178,0.0003
19440229,0.0123,0.0073,0.0052,0.001,0.0092,0.0229,0.0034,0.0003
19440331,0.0219,0.0433,0.0716,0.021,0.0276,0.0322,0.0242,0.0002
19440429,-0.0202,-0.0283,-0.0405,-0.0142,-0.0193,-0.0133,-0.0166,0.0003
19440531,0.0583,0.0683,0.0722,0.0461,0.0495,0.0585,0.0507,0.0003
19440630,0.0907,0.0932,0.1149,0.0491,0.0505,0.0757,0.0559,0.0003
19440731,0.0095,-0.0128,-0.0131,-0.0165,-0.0155,-0.0062,-0.0155,0.0003
19440831,0.0413,0.0391,0.0206,0.0152,0.0125,0.0099,0.0156,0.0003
19440930,0.0169,0.0018,-0.0013,0.0027,-0.0042,0.0015,0,0.0002
19441031,0.0015,0.0071,-0.0063,-0.0003,0.0069,0.0027,0.0022,0.0003
19441130,0.0118,0.0321,0.0321,0.0114,0.025,0.026,0.0162,0.0003
19441230,0.0563,0.0628,0.1075,0.0267,0.0437,0.1081,0.041,0.0002
19450131,0.0556,0.0425,0.0504,0.0049,0.0358,0.0224,0.0189,0.0003
19450228,0.0659,0.088,0.1059,0.0518,0.0636,0.0983,0.0641,0.0002
19450331,-0.047,-0.0582,-0.068,-0.0313,-0.046,-0.0419,-0.0389,0.0002
19450430,0.0712,0.0879,0.1063,0.0666,0.0812,0.111,0.0772,0.0003
19450531,0.0252,0.0146,0.0491,0.0212,0.0079,0.0205,0.0183,0.0003
19450630,0.0333,0.0206,0.068,-0.0133,0.0062,0.0404,0.0032,0.0002
19450731,-0.0342,-0.0392,-0.0543,-0.0142,-0.0186,-0.0445,-0.0224,0.0003
19450831,0.0779,0.0741,0.0473,0.0827,0.0451,0.0268,0.0608,0.0003
19450929,0.0709,0.0636,0.0682,0.0468,0.0429,0.0548,0.0478,0.0003
19451031,0.0649,0.0668,0.071,0.0248,0.0517,0.0522,0.0387,0.0003
19451130,0.0856,0.0962,0.1128,0.0302,0.0582,0.0917,0.0543,0.0002
19451231,0.0417,0.0358,0.0214,0.0148,0.0112,-0.0068,0.0115,0.0003
19460131,0.099,0.0848,0.1236,0.0625,0.0486,0.0758,0.063,0.0003
19460228,-0.0641,-0.0657,-0.0748,-0.0575,-0.0497,-0.0741,-0.0582,0.0003
19460330,0.0696,0.0556,0.0584,0.0549,0.0696,0.05,0.0584,0.0003
19460430,0.0495,0.0715,0.0614,0.0392,0.0541,0.0229,0.0426,0.0003
19460531,0.0615,0.052,0.0629,0.0319,0.0349,0.0655,0.0396,0.0003
19460628,-0.0524,-0.052,-0.0542,-0.0435,-0.0277,-0.0414,-0.0394,0.0003
19460731,-0.0487,-0.0351,-0.052,-0.0266,-0.0232,-0.0228,-0.0258,0.0003
19460830,-0.0824,-0.0816,-0.0771,-0.06,-0.0643,-0.0619,-0.0642,0.0003
19460930,-0.1354,-0.1332,-0.1545,-0.0926,-0.0854,-0.1191,-0.1005,0.0003
19461031,-0.0368,-0.0091,0.0023,-0.0253,-0.0159,0.0055,-0.0145,0.0003
19461130,-0.0164,-0.0053,0.0121,0.0004,0.0071,-0.0033,0.0009,0.0003
19461231,0.0542,0.0426,0.0504,0.0582,0.0486,0.0391,0.0506,0.0003
19470131,0.0373,0.0249,0.0298,0.0234,0.0001,0.0177,0.0148,0.0003
19470228,-0.0114,-0.0029,0.001,-0.0011,-0.0139,-0.0186,-0.0119,0.0003
19470331,-0.0327,-0.0366,-0.0241,-0.0168,-0.0104,-0.016,-0.0174,0.0003
19470430,-0.0894,-0.0823,-0.0821,-0.0509,-0.037,-0.0432,-0.0482,0.0003
19470529,-0.0492,-0.041,-0.0381,-0.0111,0.001,-0.0192,-0.0103,0.0003
19470630,0.0394,0.0539,0.0524,0.065,0.045,0.0447,0.0534,0.0003
19470731,0.0509,0.065,0.072,0.0352,0.0349,0.0725,0.0409,0.0003
19470829,-0.0175,-0.0157,-0.0111,-0.0189,-0.0145,-0.0226,-0.0178,0.0003
19470930,0.002,0.0029,0.0274,-0.0059,-0.0066,-0.0019,-0.005,0.0006
19471031,0.0367,0.0327,0.0297,0.0218,0.0298,0.0304,0.024,0.0006
19471129,-0.0451,-0.0326,-0.0274,-0.0197,-0.0148,-0.0176,-0.0189,0.0006
19471231,0.0005,0.0161,0.0313,0.0187,0.0346,0.0661,0.0294,0.0008
19480131,-0.0158,-0.0266,-0.0027,-0.0434,-0.0401,-0.0337,-0.038,0.0007
19480228,-0.0603,-0.0627,-0.0594,-0.0464,-0.0368,-0.0471,-0.0441,0.0007
19480331,0.0653,0.0814,0.1242,0.0787,0.077,0.1106,0.0819,0.0009
19480430,0.013,0.0287,0.0455,0.0221,0.0438,0.0711,0.037,0.0008
19480528,0.0917,0.0903,0.0759,0.0855,0.0646,0.078,0.0738,0.0008
19480630,-0.0261,-0.0164,0.0038,-0.0059,0.0034,0.017,-0.0011,0.0009
19480730,-0.0498,-0.0528,-0.0546,-0.0504,-0.053,-0.0435,-0.0512,0.0008
19480831,-0.0114,-0.0054,-0.0037,0.0088,-0.0021,0.0059,0.003,0.0009
19480930,-0.0295,-0.0421,-0.0551,-0.0267,-0.0244,-0.0373,-0.0299,0.0004
19481030,0.0394,0.0475,0.0529,0.0637,0.0583,0.0627,0.0597,0.0004
19481130,-0.093,-0.0976,-0.1294,-0.0803,-0.0873,-0.1339,-0.091,0.0004
19481231,0.0126,0.0008,0.0016,0.0479,0.0276,0.023,0.0318,0.0004
19490131,0.0103,0.0177,0.0296,0.0056,-0.0106,0.0133,0.002,0.001
19490228,-0.0538,-0.0385,-0.0562,-0.0264,-0.0273,-0.0404,-0.0304,0.0009
19490331,0.0598,0.0546,0.0821,0.0423,0.0341,0.0504,0.0405,0.001
19490430,-0.0179,-0.0311,-0.0334,-0.0204,-0.0066,-0.0262,-0.0188,0.0009
19490531,-0.0373,-0.0369,-0.0513,-0.0163,-0.0308,-0.0531,-0.0284,0.001
19490630,-0.0133,-0.0117,-0.0114,0.013,0.0024,-0.0245,0.0021,0.001
19490729,0.0653,0.0727,0.0574,0.0516,0.0576,0.0681,0.0549,0.0009
19490831,0.0325,0.0359,0.0211,0.0265,0.0272,0.0298,0.0257,0.0009
19490930,0.0541,0.0415,0.0404,0.0262,0.0364,0.0435,0.0309,0.0009
19491031,0.0509,0.035,0.041,0.0316,0.0303,0.0333,0.0303,0.0009
19491130,0.0052,0.0103,0.0019,0.0296,0.0016,0.0152,0.018,0.0008
19491231,0.0696,0.0651,0.0878,0.0529,0.0388,0.068,0.0512,0.0009
19500131,0.0725,0.0465,0.0468,0.0079,0.0195,0.0375,0.0164,0.0009
19500228,0.0167,0.0188,0.0071,0.0146,0.015,0.0098,0.0137,0.0009
19500331,0.0244,-0.0103,-0.0201,0.018,0.0094,0.0076,0.0112,0.001
19500429,0.0579,0.0537,0.0731,0.0427,0.0298,0.055,0.0394,0.0009
19500531,0.0161,0.0282,0.03,0.0453,0.0506,0.0402,0.0427,0.001
19500630,-0.0702,-0.0785,-0.0901,-0.0545,-0.0633,-0.0497,-0.0589,0.001
19500731,0.0101,0.0337,0.1148,-0.0337,0.0447,0.131,0.0151,0.001
19500831,0.045,0.0558,0.0505,0.0603,0.0413,0.0258,0.0497,0.001
19500929,0.0571,0.0497,0.0497,0.0569,0.0383,0.0456,0.0478,0.001
19501031,-0.0027,-0.0039,0.0043,-0.0015,-0.005,0.0199,-0.0023,0.0012
19501130,0.003,0.0213,0.0492,0.023,0.034,0.042,0.0274,0.0011
19501230,0.052,0.0749,0.1239,0.0334,0.0665,0.1058,0.0566,0.0011
19510131,0.0675,0.0696,0.1072,0.0506,0.0541,0.0867,0.0569,0.0013
19510228,0.0182,0.0127,-0.001,0.0231,0.0187,-0.0161,0.0134,0.001
19510331,-0.0151,-0.0329,-0.0559,-0.007,-0.0269,-0.0497,-0.022,0.0011
19510430,0.0222,0.0381,0.0634,0.0432,0.0567,0.0678,0.0483,0.0013
19510531,-0.0175,-0.0251,-0.0333,-0.0237,-0.0181,-0.0355,-0.0238,0.0012
19510629,-0.0394,-0.0471,-0.0728,-0.0215,-0.0107,-0.0679,-0.0265,0.0012
19510731,0.0544,0.0505,0.0683,0.0656,0.073,0.0906,0.0699,0.0013
19510831,0.0555,0.0556,0.0506,0.0418,0.0436,0.051,0.0438,0.0013
19510928,0.024,0.0286,0.0312,0.0063,0.0039,0.0136,0.008,0.0012
19511031,-0.0196,-0.0167,-0.0365,-0.0374,-0.0048,-0.0184,-0.024,0.0016
19511130,-0.0016,0.008,0.0059,0.0082,0.0052,0.0083,0.0048,0.0011
19511231,0.0136,0.009,0.0058,0.041,0.0381,0.0107,0.0337,0.0012
19520131,0.014,0.0183,0.0156,0.0049,0.0245,0.0406,0.0154,0.0015
19520229,-0.023,-0.0197,-0.0189,-0.0217,-0.0291,-0.0309,-0.0262,0.0012
19520331,0.0125,0.022,0.0342,0.0425,0.0496,0.0659,0.0445,0.0011
19520430,-0.0514,-0.0476,-0.0388,-0.0454,-0.0511,-0.0529,-0.0501,0.0012
19520529,0.0219,0.0216,0.0266,0.0375,0.0283,0.0358,0.0316,0.0013
19520630,0.0167,0.0284,0.0334,0.0382,0.043,0.0453,0.0378,0.0015
19520731,0.0106,0.0147,0.0001,0.0126,0.0065,0.0159,0.01,0.0015
19520829,0.0021,0.009,0.0018,-0.0072,-0.0053,-0.0093,-0.0081,0.0015
19520930,0.0049,-0.0093,-0.0205,-0.0176,-0.0189,-0.0251,-0.0206,0.0016
19521031,-0.0103,-0.0134,-0.0202,-0.0086,0.0027,-0.005,-0.0069,0.0014
19521128,0.0546,0.056,0.0615,0.0617,0.0531,0.0762,0.0578,0.001
19521231,0.0206,0.018,0.0182,0.032,0.0291,0.0381,0.0296,0.0016
19530130,0.0362,0.0372,0.0371,-0.008,-0.0025,0.016,-0.0029,0.0016
19530227,0.0141,0.0217,0.0187,-0.0022,-0.0008,-0.0085,-0.0031,0.0014
19530331,-0.0166,-0.0159,-0.0203,-0.0112,-0.0137,-0.0274,-0.0152,0.0018
19530430,-0.0294,-0.0231,-0.0107,-0.0304,-0.0227,-0.0194,-0.0291,0.0016
19530529,0.0071,0.0093,0.0063,0.0098,0.0018,0.0133,0.0054,0.0017
19530630,-0.0294,-0.0349,-0.0378,-0.0179,-0.0125,-0.0192,-0.0185,0.0018
19530731,0.0092,0.0165,0.0136,0.0299,0.0214,0.0181,0.0238,0.0015
19530831,-0.032,-0.0541,-0.062,-0.0401,-0.038,-0.0826,-0.0458,0.0017
19530930,0.0023,-0.0082,-0.0235,0.0082,0.0035,-0.0179,0.0015,0.0016
19531030,0.0278,0.0381,0.0326,0.0497,0.0436,0.0465,0.0458,0.0013
19531130,0.0155,0.0223,0.0115,0.0329,0.0229,0.03,0.0275,0.0008
19531231,0.0024,-0.0135,-0.0264,0.0056,0.004,-0.0247,-0.0005,0.0013
19540129,0.049,0.0652,0.0825,0.0446,0.0574,0.0807,0.0514,0.0011
19540226,0.0103,0.0158,0.014,0.0159,0.0225,0.0074,0.0168,0.0007
19540331,0.0278,0.032,0.0205,0.0418,0.0351,0.0184,0.0365,0.0008
19540430,-0.0028,0.0233,0.0014,0.0519,0.0355,0.0378,0.042,0.0009
19540528,0.0395,0.0422,0.0515,0.0288,0.0254,0.0676,0.0311,0.0005
19540630,0.005,0.0188,0.0132,0.0179,-0.0027,0.0098,0.0109,0.0006
19540730,0.0544,0.0693,0.0911,0.0426,0.0512,0.0908,0.0499,0.0005
19540831,-0.0016,0.0025,-0.01,-0.0295,-0.0092,-0.0507,-0.023,0.0005
19540930,0.0295,0.0466,0.0467,0.0681,0.0656,0.0655,0.0634,0.0009
19541029,0.005,-0.0094,-0.0074,-0.0231,-0.0094,0.0037,-0.0169,0.0007
19541130,0.0743,0.0924,0.0925,0.0955,0.0816,0.1584,0.0947,0.0006
19541231,0.0755,0.0945,0.1145,0.0425,0.059,0.1172,0.0545,0.0008
19550131,0.0146,0.0122,0.0243,0.001,0.0078,0.0362,0.0062,0.0008
19550228,0.0379,0.055,0.0461,0.0303,0.0279,0.0342,0.0304,0.0009
19550331,-0.0059,-0.0029,0.0068,-0.0035,-0.002,0.0232,-0.0021,0.001
19550429,0.0116,0.0127,0.0254,0.0409,0.0198,0.044,0.0313,0.001
19550531,0.0055,0.0056,0.0039,0.0184,0.0018,0.0016,0.0105,0.0014
19550630,0.0178,0.035,0.0344,0.0642,0.0761,0.0883,0.0648,0.001
19550729,-0.0152,0.0099,0.0139,0.0207,0.0235,0.004,0.0193,0.001
19550831,-0.0009,0.0062,0.0025,0.0062,-0.0013,0.0145,0.0027,0.0016
19550930,-0.0067,-0.0055,-0.003,0.0019,-0.0035,-0.023,-0.0036,0.0016
19551031,-0.0146,-0.0083,-0.0122,-0.0308,-0.0161,-0.0328,-0.0275,0.0018
19551130,0.0608,0.0484,0.0521,0.079,0.058,0.0972,0.0699,0.0017
19551230,0.0353,0.0232,0.025,0.0188,0.0186,-0.017,0.0146,0.0018
19560131,-0.0243,-0.0203,-0.0175,-0.0395,-0.011,-0.0236,-0.0302,0.0022
19560229,0.0198,0.0368,0.0247,0.0497,0.0277,0.0346,0.0376,0.0019
19560329,0.0389,0.0381,0.0501,0.0712,0.0722,0.052,0.0667,0.0015
19560430,0.0121,0.0081,0.0014,-0.0005,0.0129,0.0081,0.0032,0.0019
19560531,-0.0365,-0.04,-0.0454,-0.0502,-0.0486,-0.0663,-0.0515,0.0023
19560629,0.0112,0.0248,0.0137,0.0463,0.0287,0.0175,0.0352,0.002
19560731,0.033,0.0343,0.0347,0.0484,0.0575,0.0491,0.0486,0.0022
19560831,0.005,-0.0098,-0.0209,-0.0332,-0.0301,-0.0312,-0.032,0.0017
19560928,-0.0333,-0.0305,-0.021,-0.0595,-0.0374,-0.0368,-0.0515,0.0018
19561031,0.0116,0.0097,0.0039,0.0061,0.0088,0.0134,0.0047,0.0025
19561130,-0.0017,0.0019,0.0225,-0.003,0.0217,0.006,0.0026,0.002
19561231,0.0452,0.0209,0.0218,0.0341,0.0399,0.0166,0.0325,0.0024
19570131,-0.0018,0.0009,0.0206,-0.0433,-0.0297,-0.0169,-0.0348,0.0027
19570228,-0.0281,-0.0327,-0.027,-0.017,-0.0169,-0.0309,-0.0211,0.0024
19570329,0.0208,0.026,0.023,0.027,0.0191,0.0172,0.0218,0.0023
19570430,0.0208,0.0232,0.0224,0.0532,0.0401,0.0263,0.0426,0.0025
19570531,0.0309,0.0126,0.0175,0.0461,0.0289,0.0184,0.034,0.0026
19570628,0.0023,-0.0125,0.0075,-0.0002,-0.0133,-0.0073,-0.0075,0.0024
19570731,0.0025,0.0071,0.0039,0.0127,0.0053,0.0111,0.0059,0.003
19570830,-0.0521,-0.0441,-0.0516,-0.0544,-0.0319,-0.0613,-0.0525,0.0025
19570930,-0.0713,-0.0492,-0.0505,-0.0636,-0.043,-0.0662,-0.0602,0.0026
19571031,-0.0832,-0.0564,-0.0825,-0.0375,-0.0337,-0.0741,-0.044,0.0029
19571129,0.0304,0.0144,0.0108,0.0308,0.0201,-0.0052,0.0227,0.0028
19571231,-0.0456,-0.0466,-0.0585,-0.0391,-0.024,-0.0599,-0.0398,0.0024
19580131,0.12,0.1048,0.1194,0.0345,0.06,0.1194,0.0471,0.0028
19580228,-0.0163,-0.0049,-0.005,-0.018,-0.0052,-0.0245,-0.0153,0.0012
19580331,0.0546,0.0382,0.0309,0.034,0.0323,0.0333,0.0329,0.0009
19580430,0.0307,0.0161,0.044,0.0332,0.0249,0.0527,0.03,0.0008
19580529,0.0631,0.0425,0.0424,0.0204,0.0264,0.0373,0.0235,0.0011
19580630,0.0191,0.0329,0.0297,0.0315,0.0268,0.0308,0.0292,0.0003
19580731,0.0422,0.0614,0.0709,0.0441,0.0391,0.0772,0.0442,0.0007
19580829,0.0436,0.0311,0.0316,0.0167,0.0188,0.0354,0.0187,0.0004
19580930,0.0551,0.0431,0.0792,0.0473,0.0436,0.0829,0.0467,0.0019
19581031,0.0695,0.0285,0.0307,0.0271,0.0262,0.04,0.0257,0.0018
19581128,0.0768,0.0422,0.0404,0.0331,0.0212,0.0442,0.0294,0.0011
19581231,0.0276,0.0325,0.0364,0.0493,0.0693,0.0403,0.0507,0.0022
19590130,0.0447,0.0516,0.0565,-0.0061,0.0272,0.0414,0.0071,0.0021
19590227,0.0242,0.0368,0.0284,0.0056,0.0154,0.0226,0.0094,0.0019
19590331,0.0161,0.0151,0.0182,0.0067,-0.0001,-0.001,0.0023,0.0022
19590430,0.0379,0.035,0.0212,0.0475,0.0253,0.0386,0.0359,0.002
19590529,-0.014,0.0047,0.014,0.0271,0.0059,0.0374,0.0173,0.0022
19590630,0.0173,0.0057,0.0187,-0.0042,0.0039,0.0215,-0.0019,0.0025
19590731,0.0213,0.0275,0.0358,0.0393,0.0248,0.0309,0.0317,0.0025
19590831,-0.0186,-0.0121,-0.0203,-0.0135,-0.0101,-0.0037,-0.0143,0.0019
19590930,-0.0537,-0.0457,-0.0398,-0.0498,-0.0326,-0.054,-0.048,0.0031
19591030,0.0399,0.0254,0.0116,0.0143,0.0178,0.0021,0.0127,0.003
19591130,0.039,0.0198,0.006,0.0296,-0.001,-0.002,0.0159,0.0026
19591231,0.0351,0.0243,0.021,0.0296,0.0258,0.0426,0.0246,0.0034
19600129,-0.0582,-0.0319,-0.0303,-0.082,-0.0439,-0.0559,-0.0697,0.0033
19600229,0.0204,0.014,0.0059,0.0131,0.022,-0.0115,0.0113,0.0029
19600331,-0.0223,-0.0256,-0.0368,-0.0089,-0.0108,-0.0514,-0.0163,0.0035
19600429,0.0016,-0.0222,-0.0286,-0.0156,-0.0136,-0.0318,-0.0172,0.0019
19600531,0.0523,0.0177,0.0248,0.043,0.0172,-0.0037,0.0313,0.0027
19600630,0.0237,0.0246,0.0166,0.0269,0.0157,0.0276,0.0206,0.0024
19600729,-0.0336,-0.0181,-0.0143,-0.0352,-0.0022,-0.0127,-0.024,0.0013
19600831,0.0417,0.0338,0.0418,0.0272,0.0418,0.0235,0.0306,0.0017
19600930,-0.0774,-0.058,-0.0623,-0.0673,-0.0434,-0.0518,-0.0602,0.0016
19601031,-0.0647,-0.0248,-0.0274,-0.0067,0.0003,0.0085,-0.007,0.0022
19601130,0.0647,0.0494,0.0313,0.0541,0.0397,0.0405,0.0472,0.0013
19601230,0.0411,0.0353,0.0243,0.0356,0.0737,0.0376,0.0469,0.0016
19610131,0.0738,0.0787,0.0982,0.0485,0.0787,0.1002,0.062,0.0019
19610228,0.08,0.0641,0.0732,0.0405,0.0255,0.0317,0.0356,0.0014
19610330,0.0732,0.0491,0.0586,0.0219,0.0402,0.0223,0.0286,0.002
19610428,0.0099,0.0036,0.0219,-0.0033,0.0116,0.0246,0.004,0.0017
19610531,0.0347,0.0493,0.0499,0.0317,0.0151,0.0284,0.024,0.0018
19610630,-0.0581,-0.0449,-0.0562,-0.0228,-0.0322,-0.03,-0.0305,0.002
19610731,-0.0045,0.0125,0.0132,0.0311,0.0359,0.0111,0.0281,0.0018
19610831,0.0062,0.0034,0.0107,0.032,0.02,0.0232,0.0255,0.0014
19610929,-0.0492,-0.0315,-0.0328,-0.0114,-0.0307,-0.0378,-0.0217,0.0017
19611031,-0.0009,0.0328,0.0016,0.023,0.0394,0.0313,0.0255,0.0019
19611130,0.0588,0.0579,0.0478,0.0489,0.0407,0.0424,0.0439,0.0015
19611229,-0.0204,0.0025,0.0029,-0.002,0.0035,0.0179,-0.0012,0.0019
19620131,-0.0239,-0.0083,0.023,-0.0502,-0.0189,0.0036,-0.0386,0.0024
19620228,0.0063,0.0078,0.0178,0.0185,0.024,0.0249,0.0175,0.002
19620330,-0.0045,-0.0115,-0.0054,-0.0034,-0.0032,-0.0217,-0.0067,0.002
19620430,-0.0722,-0.0723,-0.0687,-0.0662,-0.0565,-0.0612,-0.0657,0.0022
19620531,-0.1133,-0.1034,-0.0944,-0.0908,-0.0686,-0.0622,-0.0871,0.0024
19620629,-0.1029,-0.0752,-0.0704,-0.0902,-0.0691,-0.0665,-0.0846,0.002
19620731,0.092,0.0586,0.0646,0.0805,0.0523,0.0359,0.0628,0.0027
19620831,0.0465,0.035,0.0251,0.0274,0.0165,0.0245,0.0211,0.0023
19620928,-0.0834,-0.0703,-0.0622,-0.0504,-0.0462,-0.044,-0.0523,0.0021
19621031,-0.0505,-0.0328,-0.0204,0.0059,0.0072,0.0032,-0.0004,0.0026
19621130,0.1513,0.1348,0.1446,0.113,0.0997,0.1385,0.1081,0.002
19621231,-0.0356,-0.0139,-0.0216,0.0153,0.0183,0.008,0.0096,0.0023
19630131,0.077,0.0806,0.0998,0.0495,0.043,0.0722,0.0493,0.0025
19630228,-0.0275,-0.0149,-0.0008,-0.0279,-0.0182,-0.0095,-0.0242,0.0023
19630329,0.0023,0.0166,0.0248,0.0342,0.0332,0.0518,0.0306,0.0023
19630430,0.0364,0.0276,0.0487,0.0494,0.0456,0.0575,0.0449,0.0025
19630531,0.0182,0.0321,0.0548,0.0231,0.0111,0.0367,0.0177,0.0024
19630628,-0.0134,-0.0199,-0.0166,-0.0234,-0.0145,-0.0045,-0.0203,0.0023
19630731,-0.0108,-0.0062,-0.0114,-0.0003,0.0044,-0.016,-0.0044,0.0027
19630830,0.0445,0.0437,0.0574,0.054,0.047,0.0738,0.0502,0.0025
19630930,-0.0307,-0.0055,-0.0193,-0.0105,-0.0173,-0.0181,-0.0146,0.0027
19631031,0.0116,0.0171,0.0271,0.0386,0.0125,0.0208,0.0248,0.0029
19631129,-0.0287,-0.0126,-0.0033,-0.0025,-0.0142,0.0054,-0.0082,0.0027
19631231,0.0035,0.005,0.0027,0.0205,0.0304,0.0192,0.0188,0.0029
19640131,0.0077,0.0271,0.0404,0.0268,0.0269,0.0269,0.0228,0.003
19640228,0.0158,0.0213,0.0415,0.0142,0.0168,0.045,0.0146,0.0026
19640331,0.0061,0.0408,0.0525,0.0092,0.0303,0.0301,0.0145,0.0031
19640430,-0.0169,-0.0031,-0.0144,0.0042,0.0105,-0.0068,0.0017,0.0029
19640528,0.0092,0.0107,0.0215,0.0154,0.0117,0.0407,0.0148,0.0026
19640630,0.0131,0.0126,0.0196,0.0167,0.0131,0.0245,0.0121,0.003
19640731,0.0156,0.0292,0.0265,0.0191,0.0231,0.0222,0.0171,0.003
19640831,-0.0152,-0.0038,-0.0122,-0.0123,-0.0086,-0.0129,-0.0141,0.0028
19640930,0.0347,0.028,0.036,0.0234,0.0356,0.0551,0.0277,0.0028
19641030,0.0105,0.0137,0.023,0.0029,0.0177,0.0132,0.006,0.0029
19641130,-0.0014,-0.0035,0.0009,0.005,0.0093,-0.0365,0.0002,0.0029
19641231,0.0046,-0.0084,-0.0154,0.0112,-0.003,-0.0203,0.0006,0.0031
19650129,0.0689,0.0593,0.0662,0.0395,0.0286,0.0462,0.0358,0.0028
19650226,0.0368,0.034,0.0433,0.0057,0.0009,0.003,0.0039,0.003
19650331,0.0092,0.0055,0.0151,-0.0116,-0.0158,0.0039,-0.0133,0.0036
19650430,0.03,0.0441,0.0534,0.0382,0.0251,0.0287,0.0306,0.0031
19650528,-0.0007,-0.0094,-0.0134,-0.0027,0.0005,-0.0223,-0.0075,0.0031
19650630,-0.0995,-0.0881,-0.0859,-0.0457,-0.0496,-0.0478,-0.0554,0.0035
19650730,0.0255,0.0301,0.0414,0.0134,0.0162,0.0417,0.0137,0.0031
19650831,0.0674,0.0498,0.0505,0.0294,0.0282,0.0249,0.0276,0.0033
19650930,0.0388,0.0378,0.0384,0.038,0.0224,0.0362,0.0289,0.0031
19651029,0.0597,0.0535,0.0637,0.0284,0.0192,0.0564,0.0262,0.0031
19651130,0.0402,0.0486,0.0473,-0.0001,-0.0012,-0.0027,-0.0004,0.0035
19651231,0.0387,0.0345,0.0475,0.0084,0.0088,0.0413,0.0102,0.0033
19660131,0.043,0.0552,0.0699,-0.002,0.0124,0.0424,0.0083,0.0038
19660228,0.0368,0.0322,0.0341,-0.016,-0.0082,-0.0062,-0.0121,0.0035
19660331,-0.0045,-0.029,-0.0204,-0.0154,-0.0268,-0.0404,-0.0247,0.0038
19660429,0.0568,0.047,0.0566,0.0241,0.0183,0.0153,0.0214,0.0034
19660531,-0.0996,-0.0997,-0.1036,-0.0419,-0.0508,-0.071,-0.0566,0.0041
19660630,0.0082,0.0012,-0.0004,-0.0202,-0.0007,-0.0018,-0.0141,0.0038
19660729,-0.0196,-0.0164,-0.0076,-0.0161,-0.006,-0.0117,-0.0164,0.0035
19660831,-0.1134,-0.098,-0.1046,-0.0765,-0.066,-0.0741,-0.0795,0.0041
19660930,-0.0201,-0.0101,-0.0153,-0.0098,0.0018,-0.0047,-0.011,0.004
19661031,-0.0376,-0.0012,-0.0014,0.0324,0.0726,0.0524,0.0378,0.0045
19661130,0.0756,0.0482,0.0269,0.0373,-0.0105,-0.006,0.0135,0.004
19661230,0.0348,0.0265,0.005,-0.0037,0.014,0.0003,0.0022,0.004
19670131,0.1809,0.1628,0.1764,0.0792,0.0638,0.1243,0.0812,0.0043
19670228,0.0474,0.029,0.0318,0.0202,-0.0037,-0.0094,0.0073,0.0036
19670331,0.0604,0.0657,0.0567,0.0427,0.0377,0.0502,0.0395,0.0039
19670428,0.0549,0.0396,0.0322,0.0599,0.0179,0.0316,0.0384,0.0032
19670531,-0.0165,-0.0094,-0.0241,-0.05,-0.0354,-0.0245,-0.0426,0.0033
19670630,0.0944,0.0818,0.0832,0.0142,0.0212,0.0443,0.0242,0.0027
19670731,0.0722,0.0751,0.1019,0.0491,0.0349,0.0726,0.046,0.0032
19670831,-0.0045,0.0075,0.0062,-0.0075,-0.0092,0.0115,-0.0094,0.0031
19670929,0.0686,0.0525,0.0471,0.0381,0.0271,0.0105,0.0311,0.0032
19671031,-0.0078,-0.023,-0.0347,-0.015,-0.0379,-0.0556,-0.0313,0.0039
19671130,0.0129,0.0137,-0.0084,0.0109,0.0032,-0.0018,0.0043,0.0036
19671229,0.1089,0.0752,0.0818,0.0215,0.0322,0.0404,0.0304,0.0033
19680131,-0.014,0.0073,0.0346,-0.0619,-0.0124,-0.0148,-0.0403,0.004
19680229,-0.0737,-0.0512,-0.0505,-0.0331,-0.0211,-0.0331,-0.0375,0.0039
19680329,-0.0079,-0.0117,-0.0041,0.0183,-0.0074,0.0038,0.0013,0.0038
19680430,0.1716,0.1432,0.1333,0.1023,0.0541,0.12,0.0898,0.0043
19680531,0.0979,0.0825,0.0885,0.0245,0.0014,0.0504,0.0225,0.0045
19680628,-0.0018,0.0139,0.0153,-0.0002,0.0358,-0.0033,0.0072,0.0043
19680730,-0.058,-0.0229,0.002,-0.0453,0.0017,0.0043,-0.0268,0.0048
19680830,0.0395,0.0336,0.0472,0.0118,0.0139,0.0242,0.0138,0.0042
19680930,0.0738,0.0693,0.0644,0.0331,0.0431,0.0477,0.0402,0.0043
19681031,-0.0063,0.0215,0.0134,-0.0061,0.0168,0.0323,0.0046,0.0044
19681129,0.0854,0.0828,0.0678,0.0549,0.0555,0.0545,0.0543,0.0042
19681231,0.0027,-0.0046,-0.0107,-0.0482,-0.0334,-0.0343,-0.0382,0.0043
19690131,-0.0178,-0.0107,-0.0071,-0.0182,0.0014,0.0048,-0.012,0.0053
19690228,-0.1039,-0.0808,-0.0748,-0.0396,-0.0532,-0.0503,-0.0582,0.0046
19690328,0.0306,0.0224,0.032,0.039,0.0252,0.0285,0.0259,0.0046
19690430,0.0081,0.0187,0.0124,0.0322,0.0038,0.029,0.0152,0.0053
19690529,-0.0027,0.0077,0.0012,-0.0018,0.0071,0.009,0.0002,0.0048
19690630,-0.1222,-0.1113,-0.11,-0.0343,-0.079,-0.0684,-0.0725,0.0051
19690731,-0.1129,-0.0947,-0.0724,-0.048,-0.0752,-0.0601,-0.0705,0.0053
19690829,0.0733,0.0548,0.0367,0.0669,0.0439,0.0264,0.0465,0.005
19690930,-0.0048,-0.0203,-0.0271,-0.0057,-0.0355,-0.0476,-0.0288,0.0062
19691031,0.1099,0.08,0.07,0.0625,0.0461,0.0379,0.0496,0.006
19691128,-0.0551,-0.0521,-0.0637,-0.0213,-0.0386,-0.0352,-0.0374,0.0052
19691231,-0.0507,-0.0519,-0.0672,0.0018,-0.0182,-0.0433,-0.0261,0.0064
19700130,-0.0605,-0.0515,-0.0232,-0.0808,-0.0853,-0.0568,-0.0793,0.006
19700227,0.0264,0.035,0.0623,0.0363,0.0784,0.0807,0.0505,0.0062
19700331,-0.053,-0.0114,0.0015,-0.0191,0.0148,0.0111,-0.0104,0.0057
19700430,-0.2082,-0.1396,-0.1113,-0.1059,-0.0956,-0.0748,-0.1103,0.005
19700529,-0.1141,-0.1057,-0.0787,-0.0795,-0.0421,-0.0421,-0.0696,0.0053
19700630,-0.0889,-0.0696,-0.06,-0.0543,-0.0329,-0.0676,-0.0569,0.0058
19700731,0.0743,0.0691,0.0674,0.0508,0.0979,0.0786,0.069,0.0052
19700831,0.0619,0.0709,0.0656,0.0408,0.0529,0.0589,0.0447,0.0053
19700930,0.1703,0.1079,0.0948,0.0732,0.0026,0.0387,0.0421,0.0054
19701030,-0.068,-0.0675,-0.042,-0.0067,-0.0156,-0.0285,-0.0228,0.0046
19701130,0.0032,0.0204,0.0254,0.0513,0.057,0.0629,0.0458,0.0046
19701231,0.0786,0.0957,0.093,0.0536,0.0668,0.0589,0.0565,0.0042
19710129,0.1048,0.1312,0.1257,0.0472,0.0382,0.0533,0.0482,0.0038
19710226,0.0463,0.0338,0.0236,0.0239,0.0033,0.0197,0.0136,0.0033
19710331,0.0883,0.0519,0.0474,0.0595,0.0303,0.0205,0.0418,0.003
19710430,0.0302,0.0392,0.0338,0.0402,0.0263,0.0514,0.0305,0.0028
19710528,-0.043,-0.0531,-0.0523,-0.0273,-0.0424,-0.0454,-0.0393,0.0029
19710630,0.0059,-0.0185,-0.0212,0.0115,-0.0011,-0.0014,-0.0006,0.0037
19710730,-0.0689,-0.0432,-0.0588,-0.0418,-0.0353,-0.0488,-0.0443,0.004
19710831,0.0431,0.0369,0.067,0.0554,0.0123,0.0855,0.0378,0.0047
19710930,0.0082,-0.0073,-0.0217,0.0039,-0.0124,-0.025,-0.0087,0.0037
19711029,-0.0615,-0.043,-0.0661,-0.0385,-0.0347,-0.0438,-0.0444,0.0037
19711130,-0.0282,-0.0228,-0.0416,0.0089,-0.004,-0.0124,-0.005,0.0037
19711231,0.1346,0.1111,0.1233,0.0902,0.0842,0.0956,0.0876,0.0037
19720131,0.0914,0.067,0.107,0.0267,0.0037,0.0521,0.0255,0.0029
19720229,0.0488,0.0302,0.0276,0.0448,0.01,0.0106,0.0288,0.0025
19720330,0.0145,-0.0009,-0.0047,0.0221,-0.0132,0.0079,0.006,0.0027
19720428,0.0037,0.0117,0.0047,0.0073,0.0012,0.0111,0.0026,0.0029
19720531,-0.0174,-0.0128,-0.0277,0.03,0.0086,-0.0134,0.0134,0.003
19720630,-0.034,-0.0261,-0.0311,-0.0102,-0.0279,-0.0628,-0.0238,0.0029
19720731,-0.0521,-0.0308,-0.0201,0.0056,-0.0114,-0.011,-0.0074,0.0031
19720831,-0.009,0.0206,0.0252,0.0143,0.0711,0.0735,0.0331,0.0029
19720929,-0.0346,-0.0273,-0.0316,-0.0046,-0.0107,0.0022,-0.0111,0.0034
19721031,-0.0254,-0.0012,-0.0105,0.0049,0.0223,0.0165,0.0047,0.004
19721130,0.0361,0.0579,0.0641,0.0295,0.0649,0.097,0.0461,0.0037
19721229,-0.0091,-0.0109,-0.0226,0.0264,-0.0076,-0.0058,0.0075,0.0037
19730131,-0.0787,-0.0512,-0.0371,-0.0261,-0.0216,-0.0141,-0.0319,0.0044
19730228,-0.1111,-0.0776,-0.0586,-0.0298,-0.0492,-0.0487,-0.0485,0.0041
19730330,-0.0437,-0.0256,-0.0126,-0.0132,0.0049,0.0124,-0.0125,0.0046
19730430,-0.1162,-0.0537,-0.05,-0.061,-0.0255,-0.014,-0.057,0.0052
19730531,-0.101,-0.0722,-0.0732,-0.0092,-0.021,-0.0331,-0.0296,0.0051
19730629,-0.0548,-0.0283,-0.0266,-0.0091,-0.0037,-0.0086,-0.0137,0.0051
19730731,0.1798,0.1029,0.0894,0.0639,0.0219,0.0507,0.0506,0.0064
19730831,-0.0396,-0.0527,-0.0408,-0.0337,-0.0292,-0.0088,-0.0366,0.007
19730928,0.1103,0.0959,0.0846,0.0221,0.0909,0.0902,0.0471,0.0068
19731031,-0.0237,0.0027,0.0096,-0.0028,-0.0023,-0.0015,-0.0069,0.0065
19731130,-0.2257,-0.1776,-0.1618,-0.1249,-0.1008,-0.1086,-0.1263,0.0056
19731231,-0.0251,-0.0236,-0.0126,-0.0141,0.0542,0.0584,0.005,0.0064
19740131,0.0773,0.1029,0.1389,-0.0109,-0.0105,0.0445,-0.0019,0.0063
19740228,0.0004,0.0035,0.0195,-0.0108,0.013,0.0211,-0.0034,0.0058
19740329,-0.0045,-0.007,0.0047,-0.0176,-0.0349,-0.0286,-0.029,0.0056
19740430,-0.0639,-0.0586,-0.0366,-0.0358,-0.0589,-0.0429,-0.0535,0.0075
19740531,-0.0719,-0.08,-0.0678,-0.0157,-0.051,-0.0615,-0.0495,0.0075
19740628,-0.0321,-0.024,-0.012,-0.0209,-0.0173,-0.025,-0.0289,0.006
19740731,-0.0672,-0.0423,-0.0296,-0.0942,-0.0438,-0.0275,-0.0779,0.007
19740830,-0.0954,-0.0797,-0.074,-0.1006,-0.0566,-0.0708,-0.0938,0.006
19740930,-0.1181,-0.0704,-0.0728,-0.1367,-0.0609,-0.0718,-0.1178,0.0081
19741031,0.1418,0.0764,0.0814,0.2139,0.1124,0.079,0.1605,0.0051
19741129,-0.0524,-0.0434,-0.0548,-0.0404,-0.0346,-0.0396,-0.0464,0.0054
19741231,-0.072,-0.0555,-0.0771,-0.0326,-0.0006,-0.0265,-0.034,0.007
19750131,0.2467,0.2679,0.304,0.1053,0.1699,0.213,0.1358,0.0058
19750228,0.0666,0.0319,0.0372,0.0821,0.0278,0.0207,0.0541,0.0043
19750331,0.0777,0.0686,0.0835,0.0288,0.0156,0.0718,0.0261,0.0041
19750430,0.0657,0.0329,0.031,0.0569,0.0208,0.0674,0.0421,0.0044
19750530,0.1029,0.0684,0.0689,0.0567,0.0583,0.0097,0.0507,0.0044
19750630,0.0702,0.0744,0.0617,0.043,0.0636,0.0771,0.0474,0.0041
19750731,-0.0297,-0.0248,-0.0254,-0.0751,-0.039,-0.0464,-0.0652,0.0048
19750829,-0.0462,-0.0426,-0.0661,-0.0223,-0.0167,-0.0202,-0.0284,0.0048
19750930,-0.04,-0.0335,-0.0343,-0.0392,-0.0273,-0.0384,-0.0433,0.0053
19751031,0.0136,0.0334,0.0206,0.0652,0.0583,0.0641,0.0503,0.0056
19751128,0.0131,0.0236,0.0381,0.0303,0.0356,0.0452,0.0271,0.0041
19751231,-0.0162,-0.0023,-0.009,-0.0183,0.0038,0.01,-0.0158,0.0048
19760130,0.1499,0.1855,0.2461,0.1079,0.1455,0.1837,0.1213,0.0047
19760227,0.0668,0.0734,0.123,-0.0132,0.0187,0.0474,0.0039,0.0034
19760331,0.0126,0.0161,0.0177,0.0283,0.0299,0.0226,0.0228,0.004
19760430,-0.0102,-0.0094,-0.0111,-0.016,0.0026,-0.0154,-0.0146,0.0042
19760528,-0.0088,-0.0203,-0.0359,-0.0061,-0.0159,-0.0052,-0.0131,0.0037
19760630,0.0394,0.0366,0.0388,0.0446,0.052,0.0596,0.0402,0.0043
19760730,-0.0113,0.0067,0.0078,-0.0119,0.0023,0.0039,-0.0109,0.0047
19760831,-0.034,-0.0139,-0.0125,-0.003,0.0114,-0.0091,-0.0056,0.0042
19760930,0.0355,0.0251,0.022,0.0218,0.0313,0.029,0.0201,0.0044
19761029,-0.027,-0.0145,-0.0209,-0.0246,-0.0118,-0.0336,-0.0245,0.0041
19761130,0.0368,0.0322,0.0391,-0.0074,0.0243,0.0205,0.0014,0.004
19761231,0.0955,0.0953,0.1007,0.0479,0.0664,0.0877,0.0576,0.004
19770131,0.0079,0.0226,0.0321,-0.063,-0.0161,-0.0022,-0.0399,0.0036
19770228,-0.009,-0.012,0.001,-0.0187,-0.015,-0.0192,-0.0193,0.0035
19770331,0.0027,0.0078,0.0021,-0.0164,-0.0062,0.005,-0.013,0.0038
19770429,0.0108,0.0128,0.0254,-0.0111,0.0201,0.0432,0.0012,0.0038
19770531,-0.0072,0.0017,0.0073,-0.0179,-0.0007,-0.0158,-0.0145,0.0037
19770630,0.0746,0.0621,0.0697,0.0566,0.0374,0.0484,0.0474,0.004
19770729,0.0004,0.0005,0.0057,-0.0147,-0.0108,-0.0322,-0.017,0.0042
19770831,0.0074,-0.0082,-0.0152,0.0034,-0.0346,-0.03,-0.0178,0.0044
19770930,0.0162,0.0176,0.0058,-0.007,0.0103,-0.0068,-0.0027,0.0043
19771031,-0.0384,-0.0211,-0.0156,-0.0432,-0.0379,-0.0318,-0.0442,0.0049
19771130,0.0826,0.0737,0.0814,0.0401,0.0383,0.0484,0.0404,0.005
19771230,0.032,0.0148,0.0158,0.0021,0.0087,0.0115,0.0033,0.0049
19780131,-0.0471,-0.0284,-0.0119,-0.0641,-0.0567,-0.0334,-0.0601,0.0049
19780228,0.0157,0.0255,0.0252,-0.0254,0.0037,-0.019,-0.0139,0.0046
19780331,0.0635,0.0671,0.0705,0.0218,0.0359,0.0399,0.0287,0.0053
19780428,0.0993,0.0753,0.072,0.1106,0.0555,0.0687,0.0774,0.0054
19780531,0.072,0.0584,0.0586,0.0194,0.0114,0.0207,0.0181,0.0051
19780630,-0.0094,0.0113,0.0037,-0.0139,-0.0158,-0.0155,-0.0162,0.0054
19780731,0.0697,0.0507,0.0577,0.069,0.0412,0.0591,0.0511,0.0056
19780831,0.0827,0.0819,0.0882,0.0355,0.0441,0.0205,0.0369,0.0055
19780929,-0.0186,-0.004,-0.0063,-0.0257,0.0098,-0.0005,-0.0131,0.0062
19781031,-0.2311,-0.1845,-0.1872,-0.0991,-0.0909,-0.1157,-0.1178,0.0068
19781130,0.0887,0.0504,0.044,0.0296,0.0326,0.0301,0.0268,0.007
19781229,0.0303,0.0196,0.0193,0.0288,0.007,-0.0039,0.0099,0.0078
19790131,0.0857,0.0792,0.0962,0.0325,0.0508,0.0669,0.0418,0.0077
19790228,-0.0344,-0.0224,-0.019,-0.0371,-0.0236,-0.0289,-0.0341,0.0073
19790330,0.1163,0.0842,0.085,0.0573,0.0569,0.0755,0.0575,0.0081
19790430,0.0166,0.0297,0.0331,0.0018,0.0061,0.0068,0.0005,0.008
19790531,-0.0264,-0.0078,0.001,-0.0183,-0.0127,-0.013,-0.0218,0.0082
19790629,0.0571,0.0602,0.0602,0.031,0.0554,0.0565,0.0388,0.0081
19790731,0.0203,0.0404,0.031,0.006,0.0176,0.03,0.0073,0.0077
19790831,0.0903,0.0738,0.0736,0.0675,0.0544,0.0537,0.057,0.0077
19790928,0.0076,-0.011,-0.0107,-0.008,0.0096,-0.0077,-0.0069,0.0083
19791031,-0.0924,-0.1058,-0.1133,-0.0667,-0.0618,-0.0831,-0.0814,0.0087
19791130,0.1092,0.0683,0.0682,0.0657,0.0572,0.041,0.0537,0.0099
19791231,0.0814,0.0521,0.0515,0.0296,0.0109,0.0195,0.0187,0.0095
19800131,0.0788,0.0777,0.0843,0.0486,0.0636,0.0792,0.0576,0.008
19800229,-0.0041,-0.0292,-0.027,-0.0309,0.0206,0.0044,-0.0079,0.0089
19800331,-0.1931,-0.1605,-0.1732,-0.0895,-0.1075,-0.1305,-0.1323,0.0121
19800430,0.0612,0.0642,0.0588,0.0375,0.0564,0.0611,0.0397,0.0126
19800530,0.0808,0.0791,0.0806,0.0569,0.0546,0.0645,0.052,0.0081
19800630,0.0532,0.0438,0.0431,0.0316,0.0347,0.0237,0.0316,0.0061
19800731,0.1331,0.0958,0.0725,0.0935,0.0526,0.028,0.0641,0.0053
19800829,0.0847,0.0497,0.0358,0.022,0.014,0.0177,0.0172,0.0064
19800930,0.0525,0.0294,0.0088,0.0417,0.0325,-0.0091,0.022,0.0075
19801031,0.0582,0.0237,0.0302,0.0183,0.0287,-0.0096,0.0106,0.0095
19801128,0.1261,0.0442,0.025,0.1162,0.1347,0.0485,0.0954,0.0096
19801231,-0.0531,-0.0181,-0.013,-0.0218,-0.0471,-0.0074,-0.0475,0.0131
19810130,-0.0377,0.008,0.0226,-0.0599,-0.054,0.0164,-0.0505,0.0104
19810227,-0.0069,0.0238,0.0286,0.028,0.0128,0.0138,0.0048,0.0107
19810331,0.0768,0.0802,0.0765,0.0379,0.0359,0.0529,0.0341,0.0121
19810430,0.0255,0.0353,0.0394,-0.0216,-0.0217,0.0108,-0.0221,0.0108
19810529,0.0492,0.0295,0.0174,0.0084,-0.005,0.0315,0.0021,0.0115
19810630,-0.0573,0.0075,0.0128,-0.0324,0.0211,-0.0002,-0.0237,0.0135
19810731,-0.0285,-0.0239,-0.0159,0.0134,-0.0059,-0.0105,-0.0155,0.0124
19810831,-0.1,-0.0592,-0.0471,-0.0682,-0.055,-0.0245,-0.0691,0.0128
19810930,-0.1027,-0.065,-0.0489,-0.0632,-0.0598,-0.0135,-0.0762,0.0124
19811030,0.1052,0.0668,0.0579,0.0811,0.0396,0.044,0.0481,0.0121
19811130,0.0095,0.049,0.0465,0.0411,0.0507,0.0414,0.0351,0.0107
19811231,-0.0231,-0.0094,-0.0149,-0.0313,-0.027,-0.025,-0.0368,0.0087
19820129,-0.0469,-0.0332,-0.0085,-0.0187,-0.0368,0.0043,-0.0342,0.008
19820226,-0.0747,-0.0306,-0.008,-0.0736,-0.0336,-0.0195,-0.0603,0.0092
19820331,-0.0212,-0.0046,0.0156,-0.0196,-0.0052,0.0193,-0.0199,0.0098
19820430,0.0656,0.0567,0.0416,0.0578,0.0349,0.0258,0.032,0.0113
19820528,-0.0358,-0.0228,-0.0094,-0.0346,-0.0228,-0.0245,-0.0388,0.0106
19820630,-0.0354,-0.0166,-0.0129,-0.0248,-0.0119,-0.0167,-0.0335,0.0096
19820730,-0.0241,-0.0054,-0.0097,-0.0065,-0.0421,-0.0169,-0.031,0.0105
19820831,0.0811,0.0894,0.0814,0.11,0.1322,0.1333,0.1114,0.0076
19820930,0.0266,0.0477,0.0522,0.0193,0.0203,0.0002,0.0117,0.0051
19821029,0.1592,0.1325,0.116,0.1278,0.1119,0.097,0.1127,0.0059
19821130,0.1005,0.0841,0.0931,0.071,0.0233,0.0395,0.0456,0.0063
19821231,0.013,0.0118,0.0087,0.0115,0.0114,0.0161,0.0078,0.0067
19830131,0.0972,0.0546,0.0489,0.028,0.0329,0.0588,0.035,0.0069
19830228,0.0429,0.0658,0.071,0.0365,0.024,0.0221,0.024,0.0062
19830331,0.0265,0.0635,0.0626,0.0247,0.0445,0.03,0.0284,0.0063
19830429,0.0783,0.0799,0.0757,0.0569,0.0905,0.0711,0.0671,0.0071
19830531,0.0795,0.0538,0.0506,-0.0015,0.0015,-0.0007,0.0063,0.0069
19830630,0.0562,0.0441,0.0237,0.0527,0.0366,0.0077,0.0311,0.0067
19830729,-0.0581,-0.0001,0.0125,-0.052,-0.0269,-0.0112,-0.039,0.0074
19830831,-0.048,-0.0284,-0.0033,-0.0134,0.0091,0.0529,-0.0041,0.0076
19830930,0.001,0.0255,0.0404,0.0258,0.0154,0.0081,0.0085,0.0076
19831031,-0.0902,-0.0437,-0.0221,-0.0357,-0.0085,-0.0039,-0.0356,0.0076
19831130,0.0475,0.0429,0.0435,0.0281,0.0249,0.0191,0.0226,0.007
19831230,-0.0317,-0.004,0.0025,-0.0069,-0.0106,-0.0073,-0.0178,0.0073
19840131,-0.0422,-0.0032,0.0212,-0.0531,0.0057,0.0357,-0.0206,0.0076
19840229,-0.0698,-0.0504,-0.0355,-0.0476,-0.0418,-0.0156,-0.0462,0.0071
19840330,0.0019,0.0134,0.0229,0.0156,0.0158,0.0046,0.0061,0.0073
19840430,-0.0123,0.0011,-0.0002,0.0046,0.002,0.0173,-0.0056,0.0081
19840531,-0.0595,-0.048,-0.044,-0.0481,-0.0459,-0.059,-0.0601,0.0078
19840629,0.0458,0.0218,0.0108,0.044,0.0158,0.0264,0.0159,0.0075
19840731,-0.0555,-0.0297,-0.033,-0.0098,-0.0177,-0.0243,-0.0288,0.0082
19840831,0.1343,0.1034,0.0944,0.1128,0.1117,0.1151,0.1044,0.0083
19840928,-0.0272,0.0143,0.0236,-0.024,-0.0036,0.0317,-0.0082,0.0086
19841031,-0.0219,-0.0034,0.0023,0.0077,0.0084,-0.0049,-0.0101,0.01
19841130,-0.0454,-0.003,0.0035,-0.0223,-0.0129,0.0093,-0.018,0.0073
19841231,0.0203,0.0168,0.0222,0.0266,0.0273,0.0224,0.0173,0.0064
19850131,0.1499,0.0999,0.0869,0.1012,0.0814,0.0564,0.0792,0.0065
19850228,0.0299,0.0284,0.0172,0.013,0.0164,0.0224,0.0111,0.0058
19850329,-0.0322,-0.0124,0.0141,-0.0127,-0.0064,0.0218,-0.0079,0.0062
19850430,-0.0201,0.0012,0.0172,-0.0186,-0.0077,0.019,-0.0094,0.0072
19850531,0.0424,0.0407,0.0325,0.0598,0.0713,0.0524,0.0492,0.0066
19850628,0.014,0.0254,0.0245,0.0154,0.0184,0.0147,0.0116,0.0055
19850731,0.0277,0.0247,0.0112,0.0021,-0.0092,-0.0146,-0.0065,0.0062
19850830,-0.0197,-0.0002,0.0016,-0.0153,-0.0007,0.0081,-0.0103,0.0055
19850930,-0.0726,-0.0421,-0.0426,-0.0387,-0.0271,-0.0437,-0.0458,0.006
19851031,0.0323,0.0372,0.0319,0.04,0.0538,0.055,0.0379,0.0065
19851129,0.0784,0.0695,0.0632,0.0907,0.0661,0.0475,0.0631,0.0061
19851231,0.0504,0.0405,0.0334,0.0577,0.0363,0.0441,0.0366,0.0065
19860131,0.0227,0.0153,0.0254,0.0077,0.0045,0.0155,0.0042,0.0056
19860228,0.0733,0.0719,0.0692,0.08,0.0827,0.0689,0.0672,0.0053
19860331,0.043,0.0539,0.052,0.0624,0.0579,0.0435,0.0479,0.006
19860430,0.0237,0.0113,0.0044,0.0056,-0.018,-0.0332,-0.0131,0.0052
19860530,0.0335,0.0528,0.035,0.0545,0.0551,0.0508,0.0459,0.0049
19860630,-0.0008,0.0094,0.0197,0.0184,0.0115,0.0259,0.009,0.0052
19860731,-0.1071,-0.088,-0.0576,-0.0717,-0.0522,-0.0267,-0.0649,0.0052
19860829,0.0214,0.0357,0.0444,0.0478,0.0849,0.0945,0.0616,0.0046
19860930,-0.0824,-0.0477,-0.0479,-0.1006,-0.0744,-0.0714,-0.0835,0.0045
19861031,0.0436,0.0279,0.016,0.056,0.0538,0.0549,0.0447,0.0046
19861128,0.0004,-0.0059,0.0038,0.0199,0.0225,0.015,0.0112,0.0039
19861231,-0.0317,-0.0288,-0.0208,-0.0244,-0.0299,-0.0294,-0.0313,0.0049
19870130,0.1257,0.1112,0.0905,0.1387,0.1325,0.1095,0.1243,0.0042
19870227,0.0956,0.0675,0.0516,0.0748,0.0347,0.0006,0.0436,0.0043
19870331,0.0134,0.0262,0.0359,0.0166,0.0231,0.0249,0.019,0.0047
19870430,-0.0269,-0.0303,-0.0354,-0.0182,-0.0093,-0.0149,-0.0214,0.0044
19870529,-0.003,0.0001,0.0066,0.0149,-0.0019,0.0076,0.0013,0.0038
19870630,0.0146,0.0326,0.0351,0.0464,0.0544,0.0468,0.0389,0.0048
19870731,0.0219,0.0326,0.0545,0.0558,0.0351,0.0374,0.0396,0.0046
19870831,0.0284,0.038,0.0289,0.0467,0.0433,0.0278,0.0324,0.0047
19870930,-0.0257,-0.01,-0.0137,-0.0193,-0.0233,-0.0254,-0.0253,0.0045
19871030,-0.3232,-0.279,-0.2771,-0.2319,-0.2025,-0.1937,-0.2314,0.006
19871130,-0.0699,-0.0402,-0.035,-0.0876,-0.0779,-0.0579,-0.0758,0.0035
19871231,0.0924,0.0703,0.0467,0.0917,0.0639,0.0488,0.0664,0.0039
19880129,0.0224,0.0491,0.0658,0.0206,0.056,0.0803,0.042,0.0029
19880229,0.0842,0.0795,0.071,0.0543,0.0458,0.0345,0.0471,0.0046
19880331,0.0369,0.0391,0.0336,-0.0309,-0.0315,-0.0124,-0.021,0.0044
19880429,0.0136,0.0193,0.0253,-0.0066,0.0206,0.0154,0.0064,0.0046
19880531,-0.0292,-0.018,-0.0048,0.0001,0.0062,0.0213,-0.0047,0.0051
19880630,0.0761,0.0692,0.062,0.0478,0.0565,0.0397,0.0466,0.0049
19880729,-0.0243,-0.001,0.0034,-0.0154,-0.0031,0.0022,-0.0124,0.0051
19880831,-0.0403,-0.0173,-0.0142,-0.0289,-0.0315,-0.0137,-0.0339,0.0059
19880930,0.0269,0.0297,0.0275,0.0507,0.035,0.0362,0.031,0.0062
19881031,-0.0202,-0.0006,0.0059,0.0226,0.0194,0.0302,0.0115,0.0061
19881130,-0.0386,-0.0258,-0.0263,-0.0169,-0.0185,-0.0035,-0.0221,0.0057
19881230,0.0407,0.0385,0.03,0.0278,0.016,0.0075,0.0148,0.0063
19890131,0.0437,0.0447,0.0544,0.0706,0.0657,0.0704,0.0606,0.0055
19890228,0.0048,0.0074,0.0126,-0.0233,-0.0207,-0.0135,-0.0225,0.0061
19890331,0.0254,0.0299,0.0339,0.0251,0.0166,0.026,0.0148,0.0067
19890428,0.0485,0.0438,0.0387,0.0599,0.0478,0.0403,0.0415,0.0067
19890531,0.0469,0.0372,0.0381,0.0482,0.0356,0.0397,0.0314,0.0079
19890630,-0.0304,-0.0082,-0.0009,-0.0097,-0.0033,0.0039,-0.012,0.0071
19890731,0.0445,0.0413,0.0343,0.108,0.0714,0.061,0.0701,0.007
19890831,0.0271,0.0286,0.0258,0.0109,0.0284,0.0263,0.0147,0.0074
19890929,0.0147,0.0012,-0.0084,0.0052,-0.0084,0.0008,-0.008,0.0065
19891031,-0.0499,-0.0576,-0.0642,-0.0138,-0.0395,-0.0211,-0.0361,0.0068
19891130,0.0078,0.0077,-0.0014,0.0241,0.0163,0.0106,0.0109,0.0069
19891229,0.0018,-0.0042,-0.0023,0.0171,0.0239,0.0255,0.0122,0.0061
19900131,-0.0919,-0.0764,-0.0791,-0.0752,-0.0636,-0.0709,-0.0758,0.0057
19900228,0.0326,0.0263,0.0229,0.0032,0.0219,0.0254,0.0092,0.0057
19900330,0.0432,0.0381,0.0226,0.0413,0.0141,0.0048,0.0177,0.0064
19900430,-0.0289,-0.0307,-0.0438,-0.0089,-0.0349,-0.045,-0.0352,0.0069
19900531,0.0848,0.0638,0.0432,0.1084,0.0861,0.0747,0.0821,0.0068
19900629,0.012,0.0041,0.0006,0.0131,-0.0241,-0.0156,-0.0105,0.0063
19900731,-0.0446,-0.0375,-0.0423,-0.0129,-0.0005,-0.0156,-0.0162,0.0068
19900831,-0.1478,-0.1222,-0.1135,-0.097,-0.0796,-0.0993,-0.0985,0.0066
19900928,-0.1031,-0.083,-0.082,-0.0573,-0.0375,-0.0637,-0.0598,0.006
19901031,-0.0595,-0.0559,-0.0589,0.0038,-0.0196,0.0078,-0.0193,0.0068
19901130,0.0891,0.065,0.0498,0.0737,0.0683,0.0519,0.06,0.0057
19901231,0.0419,0.0348,0.0285,0.0374,0.0242,0.0195,0.0235,0.006
19910131,0.0929,0.0836,0.0768,0.0632,0.0327,0.0431,0.0439,0.0052
19910228,0.1168,0.1026,0.1125,0.0783,0.0653,0.071,0.071,0.0048
19910328,0.0779,0.0526,0.066,0.0404,0.0112,0.0277,0.0245,0.0044
19910430,-0.0071,0.0149,0.0162,-0.0027,0.008,0.0031,-0.002,0.0053
19910531,0.0426,0.0488,0.0262,0.0467,0.0291,0.0522,0.036,0.0047
19910628,-0.0528,-0.0322,-0.0411,-0.0487,-0.043,-0.0368,-0.0482,0.0042
19910731,0.0422,0.0346,0.0298,0.0544,0.0403,0.0411,0.0419,0.0049
19910830,0.0443,0.0314,0.0432,0.0337,0.018,0.0188,0.0222,0.0046
19910930,0.0122,0.007,-0.0105,-0.0217,0.0002,-0.019,-0.0156,0.0046
19911031,0.0311,0.0262,0.0192,0.0152,0.0166,0.0177,0.0136,0.0042
19911129,-0.048,-0.0378,-0.0554,-0.025,-0.0452,-0.0562,-0.0412,0.0039
19911231,0.1018,0.0677,0.0751,0.1447,0.0768,0.0904,0.103,0.0038
19920131,0.0764,0.0749,0.1045,-0.0228,-0.015,0.0396,-0.0046,0.0034
19920228,0.0077,0.0286,0.0702,0.0037,0.0077,0.0687,0.0106,0.0028
19920331,-0.0636,-0.0128,-0.0066,-0.0278,-0.0128,-0.0112,-0.0271,0.0034
19920430,-0.0556,-0.024,-0.01,0.0013,0.0496,0.0423,0.0102,0.0032
19920529,-0.0065,0.0092,0.0253,0.0092,0.0047,0.0024,0.0036,0.0028
19920630,-0.0617,-0.0327,-0.027,-0.0247,-0.0116,0.0084,-0.0225,0.0032
19920731,0.0262,0.0334,0.0378,0.0432,0.0464,0.0209,0.0368,0.0031
19920831,-0.0433,-0.0153,-0.0265,-0.011,-0.0215,-0.0489,-0.0234,0.0026
19920930,0.0147,0.0246,0.0143,0.0167,0.0087,0.0122,0.0098,0.0026
19921030,0.0437,0.0256,0.0168,0.024,-0.0093,0.0092,0.0087,0.0023
19921130,0.0963,0.0645,0.067,0.0458,0.0256,0.0456,0.0379,0.0023
19921231,0.026,0.0361,0.0494,0.007,0.0214,0.0341,0.015,0.0028
19930129,0.013,0.0406,0.0658,-0.011,0.0149,0.0539,0.0103,0.0023
19930226,-0.0638,-0.0013,0.0109,-0.0235,0.0411,0.0308,0.0032,0.0022
19930331,0.0208,0.0259,0.0361,0.0176,0.031,0.0272,0.0226,0.0025
19930430,-0.0377,-0.0253,-0.0259,-0.0504,-0.0087,-0.0094,-0.0278,0.0024
19930528,0.0666,0.0324,0.0309,0.0401,0.0236,0.0073,0.0274,0.0022
19930630,0.0072,0.005,0.0151,-0.0103,0.012,0.0343,0.0029,0.0025
19930730,-0.0036,0.0146,0.0227,-0.0225,0.0114,0.0164,-0.0032,0.0024
19930831,0.0399,0.0469,0.0331,0.0363,0.0409,0.0337,0.037,0.0025
19930930,0.0325,0.0232,0.0258,-0.007,0.0047,-0.0099,-0.002,0.0026
19931029,0.0389,0.0168,0.0264,0.0298,-0.0018,0.011,0.0159,0.0022
19931130,-0.0328,-0.027,-0.024,-0.0005,-0.0264,-0.0144,-0.0201,0.0025
19931231,0.0259,0.0389,0.0276,0.014,0.0177,0.0239,0.0172,0.0023
19940131,0.0192,0.029,0.0509,0.0198,0.0451,0.0303,0.029,0.0025
19940228,-0.009,0.0083,-0.0091,-0.0165,-0.0303,-0.0447,-0.0263,0.0021
19940331,-0.0621,-0.0482,-0.043,-0.0472,-0.0379,-0.0395,-0.0485,0.0027
19940429,-0.008,0.0065,0.0137,0.0035,0.0201,0.0157,0.0068,0.0027
19940531,-0.0255,-0.0104,0.0006,0.015,0.0176,-0.0075,0.0062,0.0032
19940630,-0.0474,-0.0208,-0.0213,-0.0303,-0.0213,-0.0232,-0.031,0.0031
19940729,0.0143,0.0153,0.023,0.0308,0.033,0.0419,0.0278,0.0028
19940831,0.0748,0.0425,0.0398,0.059,0.0303,0.0245,0.0389,0.0037
19940930,0.0057,-0.0016,-0.0046,-0.0114,-0.0325,-0.0372,-0.0221,0.0037
19941031,0.0058,-0.0008,-0.0203,0.0235,0.0252,0.0023,0.0107,0.0038
19941130,-0.0372,-0.0345,-0.0373,-0.0293,-0.0448,-0.0302,-0.0409,0.0037
19941230,0.006,0.0211,0.0131,0.014,0.0122,0.0126,0.0082,0.0044
19950131,-0.0115,-0.0013,0.0096,0.0221,0.0291,0.0342,0.0162,0.0042
19950228,0.036,0.0326,0.0434,0.0402,0.0414,0.0404,0.0356,0.004
19950331,0.0271,0.0202,0.0095,0.0299,0.0318,0.0062,0.0224,0.0046
19950428,0.0116,0.0305,0.0319,0.0209,0.0307,0.0347,0.0206,0.0044
19950531,0.0085,0.0197,0.0291,0.0355,0.036,0.0523,0.0286,0.0054
19950630,0.072,0.0497,0.0393,0.0392,0.0172,0.0124,0.0265,0.0047
19950731,0.0784,0.0478,0.0476,0.04,0.0407,0.0265,0.0363,0.0045
19950831,0.0219,0.0293,0.039,0.001,0.0116,0.0225,0.0046,0.0047
19950929,0.0245,0.018,0.0157,0.0485,0.033,0.0388,0.0321,0.0043
19951031,-0.0583,-0.0497,-0.0367,0.0048,-0.0126,-0.0188,-0.016,0.0047
19951130,0.0357,0.0332,0.0404,0.0395,0.0526,0.0414,0.0385,0.0042
19951229,0.0186,0.0259,0.0219,0.0028,0.0248,0.0273,0.0103,0.0049
19960131,0.0002,0.0034,0.011,0.0302,0.0315,0.0277,0.0238,0.0043
19960229,0.0472,0.0258,0.0228,0.0199,0.0166,-0.0021,0.0124,0.0039
19960329,0.021,0.0276,0.0283,0.002,0.0155,0.0204,0.007,0.0039
19960430,0.088,0.047,0.0437,0.0282,0.0123,-0.0085,0.0209,0.0046
19960531,0.0609,0.0437,0.0542,0.038,0.0091,0.0166,0.0226,0.0042
19960628,-0.0634,-0.0237,-0.0243,0.0002,-0.0017,0.0002,-0.0123,0.004
19960731,-0.1379,-0.0608,-0.0535,-0.0555,-0.0371,-0.0523,-0.0583,0.0045
19960830,0.0709,0.0461,0.0454,0.0205,0.0385,0.0346,0.0284,0.0041
19960930,0.052,0.0272,0.0282,0.0683,0.047,0.0166,0.0486,0.0044
19961031,-0.0513,-0.0005,0.0113,0.0067,0.0357,0.0406,0.0095,0.0042
19961129,0.0184,0.0465,0.037,0.0725,0.0794,0.0577,0.0615,0.0041
19961231,0.0068,0.0268,0.0183,-0.0171,-0.0141,-0.0091,-0.016,0.0046
19970131,0.0422,0.0284,0.0316,0.0662,0.052,0.0301,0.049,0.0045
19970228,-0.0616,-0.0027,0.0123,0.0001,0.0045,0.0209,-0.005,0.0039
19970331,-0.0844,-0.0325,-0.0179,-0.055,-0.0261,-0.044,-0.0492,0.0043
19970430,-0.0319,0.0065,-0.0009,0.0672,0.045,0.0165,0.0381,0.0043
19970530,0.1556,0.098,0.0784,0.0701,0.0585,0.0592,0.0667,0.0049
19970630,0.0375,0.0575,0.0652,0.0417,0.0466,0.0279,0.0404,0.0037
19970731,0.0488,0.0549,0.0551,0.0775,0.0902,0.0643,0.0722,0.0043
19970829,0.0387,0.0327,0.032,-0.0577,-0.0336,-0.0295,-0.0404,0.0041
19970930,0.0887,0.0791,0.0789,0.0507,0.0598,0.0568,0.0541,0.0044
19971031,-0.0587,-0.0347,-0.0229,-0.0351,-0.0304,-0.0269,-0.0386,0.0042
19971128,-0.0319,-0.0084,0.0039,0.0485,0.0342,0.0331,0.0265,0.0039
19971231,-0.0213,0.011,0.0219,0.0101,0.0295,0.0423,0.013,0.0048
19980130,-0.0043,-0.0151,-0.0075,0.0299,-0.0221,-0.0026,0.0002,0.0043
19980227,0.0832,0.0715,0.0722,0.0722,0.0783,0.0687,0.0694,0.0039
19980331,0.0454,0.0454,0.0483,0.046,0.0515,0.0768,0.0474,0.0039
19980430,0.0078,0.0147,0.0225,0.0118,0.016,0.004,0.0066,0.0043
19980529,-0.0733,-0.0466,-0.0254,-0.0258,-0.0233,0.0103,-0.0297,0.004
19980630,0.0069,-0.0088,0.0032,0.0589,0.0159,0.0253,0.0278,0.0041
19980731,-0.0769,-0.0787,-0.0668,-0.0048,-0.0319,-0.038,-0.0274,0.004
19980831,-0.2436,-0.1885,-0.1712,-0.1461,-0.1731,-0.1127,-0.1621,0.0043
19980930,0.0873,0.0555,0.029,0.0772,0.0397,0.0586,0.0592,0.0046
19981030,0.0485,0.0358,0.0297,0.083,0.0793,0.0472,0.0712,0.0032
19981130,0.0912,0.0541,0.0561,0.0709,0.0567,0.0388,0.0589,0.0031
19981231,0.0666,0.0336,0.0275,0.087,0.0183,0.0316,0.0593,0.0038
19990129,0.0482,0.0128,0.0049,0.0569,-0.0066,-0.0107,0.035,0.0035
19990226,-0.0923,-0.0697,-0.0808,-0.0426,-0.0126,-0.022,-0.0416,0.0035
19990331,0.0006,0.0019,-0.0278,0.042,0.0358,0.0119,0.0336,0.0043
19990430,0.1014,0.0983,0.0873,0.017,0.0953,0.0799,0.0454,0.0037
19990528,0.0143,0.0156,0.0446,-0.0255,-0.0082,-0.0017,-0.0241,0.0034
19990630,0.0648,0.0611,0.0606,0.0683,0.0262,-0.0113,0.0468,0.004
19990730,-0.0123,-0.0087,-0.0055,-0.0313,-0.0346,-0.0281,-0.0345,0.0038
19990831,-0.0298,-0.031,-0.0288,-0.0025,-0.0255,-0.022,-0.0139,0.0039
19990930,0.0067,-0.0079,-0.0257,-0.0196,-0.0556,-0.047,-0.0267,0.0039
19991029,0.0106,-0.0062,-0.0308,0.0707,0.0573,0.0481,0.0582,0.0039
19991130,0.1305,0.063,0.0338,0.0415,-0.0253,-0.0207,0.0332,0.0036
19991231,0.1812,0.0851,0.0588,0.0785,0.019,0.0175,0.0794,0.0044
20000131,0.0059,-0.0022,0.0027,-0.0476,-0.0369,-0.04,-0.0437,0.0041
20000229,0.2816,0.1562,0.1155,0.0123,-0.0451,-0.0738,0.0275,0.0043
20000331,-0.1338,-0.0381,-0.0105,0.087,0.106,0.1163,0.0488,0.0047
20000428,-0.1417,-0.0552,-0.0452,-0.0429,-0.0113,0.0429,-0.0641,0.0046
20000531,-0.0806,-0.0551,-0.0371,-0.0342,0.01,-0.0037,-0.044,0.005
20000630,0.175,0.0922,0.0797,0.0503,-0.059,-0.0552,0.0476,0.004
20000731,-0.0722,0.0143,0.023,-0.0298,0.0338,0.045,-0.0219,0.0048
20000831,0.0855,0.0564,0.064,0.0756,0.084,0.0723,0.0709,0.005
20000929,-0.0706,-0.0014,-0.0101,-0.0621,0.0197,0.0147,-0.0562,0.0051
20001031,-0.0818,-0.0113,-0.0186,-0.0219,0.0095,0.0102,-0.0302,0.0056
20001130,-0.1621,-0.0432,-0.0248,-0.1091,-0.0298,0.0015,-0.1076,0.0051
20001229,0.0275,0.0949,0.0816,-0.0028,0.0927,0.0661,0.0154,0.005
20010131,0.1253,0.0517,0.0649,0.0378,0.0099,-0.016,0.0341,0.0054
20010228,-0.1226,-0.0044,0.0045,-0.1167,-0.0046,0.0331,-0.1032,0.0039
20010330,-0.0733,-0.0146,-0.0115,-0.0818,-0.0174,-0.0164,-0.0747,0.0044
20010430,0.1014,0.0496,0.0515,0.0894,0.0527,0.0527,0.0799,0.0039
20010531,0.041,0.0451,0.0639,0.004,0.0199,0.0363,0.0074,0.0032
20010629,0.0652,0.0503,0.0202,-0.019,-0.0189,-0.018,-0.0203,0.0028
20010731,-0.0951,-0.0406,-0.0101,-0.0168,-0.0131,0.0109,-0.0213,0.003
20010831,-0.0767,-0.0235,-0.0119,-0.0698,-0.0396,-0.0667,-0.0621,0.0031
20010928,-0.1725,-0.1298,-0.1436,-0.0831,-0.0887,-0.0759,-0.0943,0.0028
20011031,0.1116,0.051,0.0436,0.0331,0.007,-0.0401,0.0256,0.0022
20011130,0.0925,0.0718,0.089,0.0828,0.0591,0.1001,0.0771,0.0017
20011231,0.0669,0.0684,0.0698,0.0076,0.0311,0.0135,0.0164,0.0015
20020131,-0.0516,0.0112,0.0268,-0.0087,-0.0192,-0.0182,-0.0174,0.0014
20020228,-0.0817,-0.0132,-0.0039,-0.0261,0.0015,-0.0255,-0.023,0.0013
20020328,0.0902,0.0752,0.1004,0.0363,0.0509,0.0491,0.0434,0.0013
20020430,-0.0357,0.0273,0.0394,-0.0694,-0.0143,-0.0605,-0.0511,0.0015
20020531,-0.0651,-0.0368,-0.0251,-0.0136,0.0012,-0.0027,-0.0119,0.0014
20020628,-0.076,-0.028,-0.0244,-0.0734,-0.0653,-0.0941,-0.0716,0.0013
20020731,-0.1449,-0.1422,-0.1493,-0.0601,-0.0933,-0.1286,-0.0826,0.0015
20020830,-0.0065,0.0062,-0.0083,0.0027,0.0077,0.0486,0.0066,0.0014
20020930,-0.0864,-0.0768,-0.0658,-0.1058,-0.1025,-0.1018,-0.1014,0.0014
20021031,0.0682,0.0422,-0.0023,0.0965,0.0656,0.0378,0.0735,0.0014
20021129,0.1392,0.0749,0.0771,0.0508,0.0643,0.0804,0.0601,0.0012
20021231,-0.0912,-0.0408,-0.0333,-0.0628,-0.0457,-0.0428,-0.0544,0.0011
20030131,-0.0233,-0.0243,-0.0138,-0.0268,-0.0228,-0.0534,-0.0244,0.001
20030228,-0.0357,-0.0238,-0.0328,-0.0104,-0.0322,-0.0418,-0.0163,0.0009
20030331,0.0203,0.0063,0.0093,0.0171,0.0007,-0.0055,0.0093,0.001
20030430,0.1124,0.0938,0.0916,0.0769,0.0899,0.0969,0.0818,0.001
20030530,0.1314,0.106,0.104,0.0496,0.07,0.0807,0.0626,0.0009
20030630,0.0241,0.025,0.0362,0.012,0.0137,0.0135,0.0153,0.001
20030731,0.0837,0.0619,0.0633,0.0233,0.0175,0.0016,0.0224,0.0007
20030829,0.0463,0.0495,0.0614,0.0179,0.0226,0.0371,0.0243,0.0007
20030930,-0.0183,-0.0164,0.0089,-0.0081,-0.0195,-0.0152,-0.0099,0.0008
20031031,0.0825,0.083,0.1083,0.051,0.0745,0.0613,0.0596,0.0007
20031128,0.0286,0.0393,0.0451,0.0085,0.0172,0.0212,0.0159,0.0007
20031231,0.0078,0.0235,0.0405,0.0428,0.049,0.0636,0.0447,0.0008
20040130,0.0395,0.0434,0.0605,0.0158,0.0212,0.0276,0.0223,0.0007
20040227,0.0044,0.0066,0.0075,0.0119,0.0243,0.017,0.0149,0.0006
20040331,0.0102,0.0059,0.0041,-0.0183,-0.0056,-0.0111,-0.0116,0.0009
20040430,-0.0364,-0.034,-0.0606,-0.0068,-0.0315,-0.0162,-0.025,0.0008
20040528,0.0106,0.0105,0.0073,0.014,0.008,0.0112,0.0135,0.0006
20040630,0.034,0.0434,0.0525,0.0122,0.0221,0.0271,0.0208,0.0008
20040730,-0.0988,-0.0527,-0.0441,-0.0491,-0.0167,-0.0151,-0.0387,0.001
20040831,-0.0217,-0.0024,-0.0078,-0.0019,0.0093,0.0078,0.0016,0.0011
20040930,0.0554,0.0491,0.0385,0.0054,0.0225,0.0289,0.0194,0.0011
20041029,0.0319,0.0114,0.0151,0.0176,0.0098,0.018,0.0167,0.0011
20041130,0.0811,0.087,0.0982,0.0345,0.0525,0.0552,0.0467,0.0015
20041231,0.0427,0.0261,0.0395,0.0403,0.0258,0.0366,0.0336,0.0016
20050131,-0.057,-0.0319,-0.0218,-0.0296,-0.0179,-0.0129,-0.0282,0.0016
20050228,0.0042,0.0208,0.0364,0.0081,0.0433,0.0321,0.0211,0.0016
20050331,-0.0404,-0.0234,-0.0176,-0.0123,-0.0282,0,-0.019,0.0021
20050429,-0.0644,-0.0578,-0.0636,-0.0134,-0.0293,-0.0231,-0.0273,0.0021
20050531,0.0738,0.0625,0.0553,0.0393,0.0294,0.0331,0.0356,0.0024
20050630,0.026,0.0419,0.0453,-0.0097,0.0195,0.0267,0.0092,0.0023
20050729,0.0662,0.0695,0.0617,0.0462,0.0255,0.042,0.0409,0.0024
20050831,-0.0207,-0.0142,-0.0088,-0.0164,-0.0006,0.0002,-0.0089,0.003
20050930,0.0051,0.0059,0.0043,-0.0024,0.0171,0.0212,0.0077,0.0029
20051031,-0.0364,-0.0284,-0.0244,-0.0026,-0.0271,-0.0288,-0.0235,0.0027
20051130,0.0514,0.0483,0.0349,0.0427,0.0385,0.0218,0.0373,0.0031
20051230,-0.002,-0.0016,-0.0034,-0.0066,0.0104,0.0044,0.0003,0.0032
20060131,0.0864,0.0944,0.0768,0.0126,0.0403,0.0449,0.0365,0.0035
20060228,-0.0035,-0.0034,-0.0068,0.0033,0.0036,-0.0109,-0.005,0.0034
20060331,0.0427,0.0548,0.0485,0.0158,0.0154,0.0079,0.0154,0.0037
20060428,-0.0073,0.0097,0.0158,-0.0031,0.023,0.0351,0.0094,0.0036
20060531,-0.0765,-0.0459,-0.0389,-0.0312,-0.0268,-0.0123,-0.0353,0.0043
20060630,-0.006,0.002,0.0029,-0.0037,0.0004,0.0173,-0.0044,0.004
20060731,-0.0582,-0.0278,-0.0183,-0.0121,0.0129,0.0138,-0.0059,0.004
20060831,0.0322,0.0268,0.0237,0.0347,0.0166,0.008,0.0209,0.0042
20060929,0.0099,0.0118,0.0095,0.0269,0.0221,0.0192,0.0153,0.0041
20061031,0.059,0.0501,0.051,0.0314,0.0308,0.0489,0.033,0.0041
20061130,0.0263,0.0266,0.0304,0.0145,0.0276,0.0193,0.0195,0.0042
20061229,-0.0058,0.0079,0.0208,0.0044,0.0183,0.0277,0.0068,0.004
20070131,0.022,0.0099,0.024,0.0228,0.0114,0.0196,0.015,0.0044
20070228,-0.002,-0.0035,-0.0031,-0.02,-0.0157,-0.0145,-0.0178,0.0038
20070330,0.0131,0.0139,0.0055,0.0061,0.0135,0.0216,0.0087,0.0043
20070430,0.0233,0.0193,0.0167,0.0487,0.0387,0.0357,0.0355,0.0044
20070531,0.0413,0.0408,0.0284,0.0299,0.0405,0.0411,0.0348,0.0041
20070629,-0.0068,-0.0089,-0.0173,-0.012,-0.0197,-0.0226,-0.0187,0.004
20070731,-0.049,-0.0588,-0.0789,-0.0159,-0.0427,-0.0461,-0.0357,0.004
20070831,0.0172,0.0212,-0.009,0.0163,0.0231,-0.0051,0.0075,0.0042
20070928,0.0267,0.0076,-0.0027,0.0455,0.0283,0.0321,0.0377,0.0032
20071031,0.0362,0.0152,0.0089,0.0302,0.0077,0.0172,0.0226,0.0032
20071130,-0.0673,-0.0701,-0.0773,-0.0345,-0.0507,-0.0459,-0.0527,0.0034
20071231,0.0026,-0.0083,-0.0074,-0.0044,-0.0152,0.0049,-0.007,0.0027
20080131,-0.0818,-0.059,-0.0466,-0.0723,-0.0448,-0.0464,-0.0644,0.0021
20080229,-0.0414,-0.0293,-0.0372,-0.024,-0.0385,-0.0289,-0.0233,0.0013
20080331,-0.0132,0.0102,0.0004,0.0052,-0.0295,-0.0041,-0.0121,0.0017
20080430,0.0483,0.029,0.0294,0.0395,0.0543,0.0582,0.0494,0.0018
20080530,0.0508,0.0547,0.0363,0.0226,-0.0014,0.0309,0.0221,0.0018
20080630,-0.0755,-0.0776,-0.0772,-0.073,-0.0987,-0.0917,-0.0803,0.0017
20080731,0.0272,0.0262,0.0542,-0.0081,-0.0298,0.0382,-0.0147,0.0015
20080829,0.0305,0.0419,0.0691,0.0157,0.0089,0.0059,0.0099,0.0013
20080930,-0.1087,-0.0693,-0.0711,-0.0962,-0.0984,-0.0456,-0.0997,0.0015
20081031,-0.219,-0.1928,-0.203,-0.1505,-0.1715,-0.2254,-0.1855,0.0008
20081128,-0.1198,-0.1106,-0.1439,-0.0628,-0.0664,-0.137,-0.0856,0.0003
20081231,0.0556,0.0402,0.0535,0.0221,0.0086,-0.0003,0.0206,0.0009
20090130,-0.0762,-0.1043,-0.1589,-0.0457,-0.1057,-0.1586,-0.0775,0
20090227,-0.0987,-0.1135,-0.1531,-0.0727,-0.1274,-0.1553,-0.1012,0.0001
20090331,0.0916,0.1013,0.1133,0.0809,0.094,0.1099,0.0875,0.0002
20090430,0.1621,0.1668,0.1806,0.0734,0.1124,0.1627,0.1104,0.0001
20090529,0.036,0.0311,0.0246,0.0422,0.0639,0.0645,0.0673,0
20090630,0.0524,0.0107,0.015,0.0148,-0.0193,0.003,-0.0028,0.0001
20090731,0.0682,0.1019,0.1443,0.0679,0.0857,0.0866,0.0823,0.0001
20090831,0.0094,0.0304,0.0917,0.0193,0.039,0.0888,0.0318,0.0001
20090930,0.0678,0.0573,0.0785,0.0358,0.0403,0.0533,0.0452,0.0001
20091030,-0.0675,-0.064,-0.0942,-0.0058,-0.027,-0.0668,-0.0284,0
20091130,0.0174,0.0204,0.0432,0.0671,0.0487,0.0447,0.0574,0
20091231,0.0841,0.0828,0.0859,0.0193,0.0277,0.0327,0.0291,0.0001
20100129,-0.0375,-0.0269,-0.0296,-0.0397,-0.0247,-0.0355,-0.0371,0
20100226,0.0361,0.0413,0.0755,0.0314,0.032,0.0468,0.0353,0
20100331,0.0734,0.0808,0.0907,0.054,0.066,0.0779,0.0644,0.0001
20100430,0.0465,0.0624,0.094,0.009,0.0215,0.0245,0.0202,0
20100528,-0.0652,-0.0722,-0.1047,-0.0746,-0.083,-0.0818,-0.08,0.0001
20100630,-0.0609,-0.0767,-0.1092,-0.0471,-0.0518,-0.0843,-0.0521,0.0001
20100730,0.0682,0.066,0.0766,0.0681,0.075,0.0637,0.071,0.0001
20100831,-0.0688,-0.0794,-0.0827,-0.0414,-0.0413,-0.0614,-0.044,0.0001
20100930,0.1406,0.1247,0.1104,0.1006,0.0905,0.0699,0.0924,0.0001
20101029,0.0469,0.0409,0.0375,0.0473,0.0361,0.0111,0.0389,0.0001
20101130,0.0314,0.0431,0.036,0.0058,0.0039,-0.009,0.0056,0.0001
20101231,0.073,0.0803,0.0958,0.0494,0.0785,0.0986,0.0677,0.0001
20110131,-0.0041,-0.0002,0.0045,0.0191,0.0276,0.0273,0.0201,0.0001
20110228,0.05,0.0511,0.0621,0.0257,0.041,0.0469,0.0385,0.0001
20110331,0.0323,0.0241,0.0231,0.0009,0.0148,-0.0138,0.0028,0.0001
20110429,0.0348,0.0198,0.0136,0.0383,0.0247,0.0141,0.0282,0
20110531,-0.0127,-0.0223,-0.0331,-0.0054,-0.015,-0.0278,-0.0147,0
20110630,-0.0162,-0.02,-0.0194,-0.0148,-0.0176,-0.0207,-0.0185,0
20110729,-0.0432,-0.0413,-0.035,-0.008,-0.0299,-0.0385,-0.0235,0
20110831,-0.0907,-0.092,-0.0958,-0.0421,-0.0716,-0.0662,-0.0586,0.0001
20110930,-0.1114,-0.1132,-0.111,-0.0641,-0.0778,-0.0826,-0.0843,0
20111031,0.1557,0.1581,0.1291,0.1018,0.126,0.108,0.1153,0
20111130,-0.014,-0.0041,0.0003,-0.0014,0.0088,-0.0177,-0.0061,0
20111230,-0.002,0.0074,0.0108,-0.0026,0.02,0.0154,0.0049,0
20120131,0.08,0.0697,0.0598,0.0605,0.0367,0.0365,0.0539,0
20120229,0.0358,0.0242,0.0287,0.0454,0.0397,0.0519,0.042,0
20120330,0.0257,0.0285,0.029,0.0397,0.0144,0.0357,0.0252,0
20120430,-0.012,-0.0206,-0.0098,-0.0057,-0.007,-0.0117,-0.0069,0
20120531,-0.066,-0.0642,-0.0575,-0.0587,-0.0624,-0.0639,-0.0659,0.0001
20120629,0.0586,0.0431,0.0468,0.0302,0.0433,0.0499,0.0385,0
20120731,-0.0292,-0.0104,-0.0142,0.0128,0.013,-0.0026,0.0103,0
20120831,0.0329,0.0336,0.0356,0.0269,0.0178,0.0355,0.0265,0.0001
20120928,0.0317,0.0362,0.0386,0.0174,0.0331,0.0423,0.0265,0.0001