date,s1,s2,s3,s4,s5,s6,s7,s8,s9,s10,Mkt-RF,RF
192607,4.52,1.53,1.99,2.07,0.07,1.96,0.23,2.88,-1.44,-0.17,2.96,0.22
192608,0.34,0.51,3,0.81,2.79,1.66,0.96,4.49,5.81,6.48,2.64,0.25
192609,0.36,-4.25,-1.16,0.88,-0.74,-1.1,-0.5,-1.45,-2.17,3.93,0.36,0.23
192610,-4.12,-3.83,-2.67,-2.78,-2.31,-3.98,-4.18,-2.01,-4.58,-1.88,-3.24,0.32
192611,4.44,0.47,1.35,4.45,3.56,1.47,3.51,3.51,2.23,2.66,2.53,0.31
192612,4.21,2.86,2.03,2.76,0.88,1.67,2.82,2.58,1.29,1.54,2.62,0.28
192701,0.75,-0.02,-1.05,-0.96,-0.48,-1.63,0.86,1.6,1.8,8.7,-0.06,0.25
192702,4.32,4.34,4.64,4.93,4.58,4.58,5.08,6.5,8.67,10.51,4.18,0.26
192703,0.29,-1.62,-1.69,-0.14,-1.5,-2.73,-0.98,-3.13,-3.98,-2.75,0.13,0.3
192704,0.89,-0.56,0.48,-0.04,-0.59,-0.84,1.6,0.89,6.04,1.55,0.46,0.25
192705,4.57,5.19,4.34,5.61,4.01,4.83,5.32,9.52,11.89,9.27,5.44,0.3
192706,-0.28,-2.18,-4.26,-1.31,-1.07,-2.55,-2.05,-1.2,-2.86,-0.49,-2.34,0.26
192707,8.02,5.37,7.7,8.52,5.55,5.66,6.62,4.21,6.83,4.18,7.26,0.3
192708,3.91,0.37,3.52,0.08,-0.06,0.3,-1.63,-1.61,-0.5,0.14,1.97,0.28
192709,3.82,5.07,1.77,4.6,3.47,3.5,1.33,3.73,2.57,1.25,4.76,0.21
192710,-1.21,-1.3,-1.99,-3.41,-1.84,-2.02,-4.11,-4.36,-8.52,-9.06,-4.31,0.25
192711,7.97,8.66,10.78,9.27,9.65,7.82,7.78,9.04,11.28,12.44,6.58,0.21
192712,3.95,2.55,5.46,1.95,4.62,4.13,2.48,4.24,4.37,1.89,2.09,0.22
192801,1.46,2.38,1.64,3.15,0.53,2.42,1.61,2.25,3.21,8.84,-0.68,0.25
192802,-2.54,-2.68,-2.18,-1.11,-3.47,0.18,-1.19,-1.66,-3.51,-5.14,-1.7,0.33
192803,9.55,7.9,8.1,8.67,7.31,5.28,5.51,3.39,10.24,10.81,8.81,0.29
192804,1.59,6.16,4.81,11.82,8.11,6.27,4.64,4.08,7.69,23.04,4.23,0.22
192805,4.54,0.4,3.86,1.04,4.58,1.73,5.22,3.49,4.4,3.63,1.52,0.32
192806,-5.33,-6.2,-5.75,-3.62,-6.73,-7.34,-7.71,-6.69,-9.61,-6.23,-4.85,0.31
192807,0.55,1.43,-0.51,-1.44,0.58,0.9,0.73,0.75,-1.44,-0.73,0.62,0.32
192808,7.91,8.46,7.58,5.56,6.66,4.38,5.57,2.79,8.61,1.61,6.68,0.32
192809,4.73,3.6,4.81,2.34,4.93,3.12,3.75,3.26,9.91,9.87,2.88,0.27
192810,1.66,2.84,1.35,2.43,1.92,1.21,0.96,2.28,2.77,-0.31,1.33,0.41
192811,12.37,8.96,10.13,12.19,12.73,10.36,13.45,9.74,15.68,9.72,11.81,0.38
192812,0.65,1.97,0.66,0.22,-0.06,-1.11,-0.18,-1.28,-3.16,-2.09,0.36,0.06
192901,2.69,4.55,5.59,3.69,1.14,0.77,3.29,3.57,0.8,4.8,4.66,0.34
192902,0.95,-1.67,0.5,1.39,3.11,-0.4,0.51,0.16,0.63,0.54,-0.34,0.36
192903,-2.96,-4.1,-4.03,-2.89,-1.84,-0.33,-1.75,-3.99,-3.76,-2.76,-0.89,0.34
192904,4,-0.42,0.36,1.14,5.32,-0.14,1.65,0.55,1.51,-0.63,1.43,0.36
192905,-7.01,-7.38,-8.07,-9.68,-7.27,-7.91,-7.18,-13.15,-11.25,-10.25,-6.39,0.44
192906,10.07,9.97,9.54,9.35,10.63,5.73,7.55,6.29,7.29,3.51,9.7,0.52
192907,1.28,1.85,1.99,3.9,0.93,0.94,-0.46,0.16,5.7,2.03,4.46,0.33
192908,1.26,5.75,2.02,2.5,3.51,3.41,3.81,4.86,-0.37,-2.2,8.18,0.4
192909,-4.86,-4.89,-1.74,-1.74,-3.9,-4.75,-4.75,-4.99,-6.99,-3.59,-5.47,0.35
192910,-26.4,-24.8,-20.59,-20.98,-18.1,-16.6,-15.76,-16.08,-17.38,-17.41,-20.12,0.46
192911,-13.39,-14.02,-15.81,-13.98,-8.3,-8.03,-9.5,-10.45,-12.43,-13.93,-12.74,0.37
192912,0.94,0.6,-2.34,-5.09,-3.23,-5.87,-2.46,-1.47,-2.83,-4.24,1.33,0.37
193001,7.46,7.52,9.9,13.78,8.77,10.26,8.49,5.74,14.74,12.69,5.61,0.14
193002,1.85,2.82,6.08,4.59,1.04,0.92,1.5,1.96,5.71,2.89,2.5,0.3
193003,9.88,5.46,9.38,5.1,8.48,10.3,14.35,11.6,12.34,16.69,7.1,0.35
193004,-1.74,-3.18,-9.64,-1.41,-5.14,-3.3,-3.75,-4.93,-4.92,-9.85,-2.06,0.21
193005,-3.36,-1.71,-2.05,-2.6,-2.5,-4.75,-2.78,-3.73,-5.21,-5.64,-1.66,0.26
193006,-21.9,-17.5,-17.69,-19.62,-15.85,-17.53,-16.1,-15.24,-17.43,-19.98,-16.27,0.27
193007,5.14,5.45,4.73,5.6,5.08,3.56,0.45,5.24,4.94,-1.56,4.12,0.2
193008,0.19,-1.8,-0.35,-1.99,-2.55,-0.79,-2.41,-2.81,-4.32,-3.18,0.3,0.09
193009,-13.54,-11.61,-14.82,-12.52,-13.57,-14.48,-13.82,-18.96,-19.43,-17.55,-12.75,0.22
193010,-10.72,-11.88,-10.36,-8.17,-8.47,-8.93,-12.12,-10.89,-11.26,-4.7,-8.78,0.09
193011,-2.57,1.03,1.25,-0.51,-4.26,-2.18,-2.03,-2.66,-3.78,-2.83,-3.04,0.13
193012,-8.61,-7.74,-11.13,-11,-11.49,-13.27,-14.11,-14.92,-20.07,-21.95,-7.83,0.14
193101,7.15,8.65,8.42,10.65,9.7,12.84,13.59,16.82,19.88,26.4,6.24,0.15
193102,12.47,14.67,14.99,13.8,13.63,13.61,11.65,17.52,29.27,14.79,10.88,0.04
193103,-4.02,-4.76,-7.84,-7.83,-7.18,-5.02,-6.19,-8.67,-6.16,-1.94,-6.43,0.13
193104,-12.86,-12.5,-12.34,-14.72,-15.69,-14.72,-15.7,-16,-18.64,-17.04,-9.98,0.08
193105,-11.71,-13.06,-13.59,-10.4,-16.35,-13.97,-14.16,-16.07,-16.43,-15.09,-13.24,0.09
193106,15.93,12.77,16.53,13.23,16.26,15.09,19.35,24.13,23.6,27.24,13.9,0.08
193107,-5.94,-5.68,-6.23,-6.43,-7.65,-10.36,-10.51,-5.44,-6.58,-4.38,-6.62,0.06
193108,0.41,0.07,-1.35,-0.29,-1.13,-0.31,-2.03,-2.31,-2.28,-6.64,0.41,0.03
193109,-29.22,-30.5,-26.44,-29.15,-30.74,-31.69,-30.14,-34.38,-34.73,-27.47,-29.13,0.03
193110,10.46,9.21,7.82,10.74,9.44,7.31,8.61,11.98,12.18,8.4,8.04,0.1
193111,-5.57,-9.54,-7.3,-9.61,-10.91,-8.56,-10.84,-7.97,-12.02,-7.58,-9.08,0.17
193112,-13.36,-11.98,-14.3,-17.13,-16.9,-19.06,-19.9,-23.98,-20.78,-26.58,-13.53,0.12
193201,0.46,-0.48,1.53,1.85,3.58,10.58,10.94,13.68,14.27,20.07,-1.58,0.23
193202,3.34,2.78,2.51,5.41,0.79,3.04,0.07,-0.16,2.24,0.48,5.46,0.23
193203,-9.34,-11.51,-12.22,-15.86,-9.07,-14.95,-13.1,-11.52,-11.49,-10.06,-11.21,0.16
193204,-18.69,-19.05,-18.74,-12.85,-17.54,-18.08,-21.51,-15.67,-18.52,-18.82,-17.96,0.11
193205,-20.82,-23.29,-21.06,-26.62,-19.82,-27.31,-21.55,-18.32,-17.61,-8.13,-20.51,0.06
193206,1.73,4.34,3.81,0.68,1.51,4.96,10.82,1.09,8.09,1.9,-0.7,0.02
193207,27.9,31.08,29.51,35.65,38.47,40.43,45.57,59.52,67.76,63.05,33.84,0.03
193208,32.66,37.98,38.82,54.8,54.87,62.33,72.74,75.16,95.18,109.39,37.06,0.03
193209,-0.58,-0.7,-3.34,-4.99,-6.08,-4.37,0.98,-10.01,-12.67,-11.41,-2.94,0.03
193210,-11.01,-10.96,-10.3,-18.76,-17.69,-18.21,-18.49,-22.4,-20.51,-20.23,-13.17,0.02
193211,-2.42,-3.67,-2.03,-6.73,-7.86,-8.21,-7.4,-11.24,-14.09,-3.92,-5.88,0.02
193212,2.01,3.33,-1.26,-0.98,0.72,-0.48,-7.5,-10.47,-7.79,-12.33,4.4,0.01
193301,2.14,3.53,6.73,0.79,4.16,3.47,1.26,7.17,5.1,10.41,1.25,0.01
193302,-14.8,-15.19,-14.11,-20.18,-18.15,-14.98,-15.25,-15.41,-17.7,-15.18,-15.24,-0.03
193303,4.74,4.18,7.95,14.67,8.39,6.88,13.45,12.54,18.06,15.99,3.29,0.04
193304,36.26,34.72,36.31,58.81,55.24,61.72,55.36,59.19,51.98,71.42,38.85,0.1
193305,25.8,33.35,37.76,52.38,55.37,56.95,66.03,87.07,94.89,80.63,21.43,0.04
193306,10.86,14.35,11.3,23.95,17.64,20.7,32.04,17.06,28.25,39.6,13.11,0.02
193307,-9.09,-10.08,-11.51,-12.98,-13.3,-10.94,-12.8,-7.14,-8.75,-0.47,-9.63,0.02
193308,10.92,12.85,15.06,14.72,13.14,13.13,11.69,10.09,12.04,4.36,12.05,0.03
193309,-6.92,-10.96,-11.96,-8.94,-15.36,-16.42,-15.64,-13.98,-19.76,-26.52,-10.65,0.02
193310,-8.02,-5.03,-8.38,-9.11,-10.89,-11.67,-10.63,-15.41,-14.06,-12.8,-8.36,0.01
193311,5.83,7.03,7.3,9.32,6.06,6.78,6.28,12.87,10.02,-0.49,9.97,0.02
193312,-1.48,3.5,4.34,2.06,6.02,2.56,-1.24,1.08,6.31,-1.92,1.83,0.02
193401,21,16.78,20.93,23.2,27.93,33.71,36.33,31.56,37.1,60.76,12.6,0.05
193402,-2.59,-1.72,0.23,1.65,-1.29,3.54,2.3,2.83,2.15,5.64,-2.5,0.02
193403,2.61,0.86,-0.14,2.47,0.42,0.18,1.22,-0.89,-2.89,1.16,0.09,0.02
193404,1.19,-0.97,-0.24,-0.41,-1.89,0.51,0.33,1.14,0,-0.7,-1.79,0.01
193405,-7.38,-6.42,-8.87,-8.54,-9.95,-11.82,-10.95,-12.57,-15.6,-14.88,-7.25,0.01
193406,0.83,4.01,1.78,2.04,0.75,0.6,-1.24,1.36,-2.86,-2.05,2.64,0.01
193407,-10.53,-14.53,-13.55,-14.95,-17.35,-18.61,-21.79,-23.82,-24.28,-25.27,-10.96,0.01
193408,6.29,7.99,8.51,8.26,5.41,11.24,11.73,11.85,9.4,15.62,5.58,0.01
193409,-0.98,-0.67,-0.83,0.22,-1.66,-1.41,0.51,-2.03,-2.06,-2.42,-0.23,0.01
193410,1.16,0.61,0.05,0.81,-0.62,-1.65,-5.49,-5.48,-6.56,-4.39,-1.66,0.01
193411,11.43,14.46,14.98,11.11,15.21,15.26,13.81,18.61,16.25,3.94,8.33,0.01
193412,1.15,3.33,2.16,2.89,1.82,1.02,1.69,3.34,-2.86,-1.79,0.36,0.01
193501,-3.2,-3.92,-5.03,-2.43,-3.49,-3.11,-2.56,-1.96,-5.94,-2.01,-3.45,0.01
193502,0.08,-1.25,-3.13,-2.98,-1.17,-4.68,-8.9,-6.56,-8.09,-14.63,-1.94,0.02
193503,-3.53,-5.63,-5.84,-7.52,-5.25,-5.23,-9.48,-11.16,-6.94,-15.19,-3.68,0.01
193504,6.27,9.66,10.57,9.17,7.67,11.22,9.55,13.67,11.34,12.31,9.06,0.01
193505,1.06,0.59,0.24,2.36,3.5,3.2,3.49,3.49,5.58,0.48,3.47,0.01
193506,5.05,6.2,6.76,9.76,4.84,4.52,1.2,4.05,1.43,-1.11,5.93,0.01
193507,6.84,7,8.62,10.01,14.42,8.06,10.25,13.92,13.75,12.28,7.51,0.01
193508,1.01,0.59,3.81,3,7.51,3.96,9.28,12.12,10.62,22.3,2.65,0.01
193509,2.17,3.99,3.72,5.27,3.8,1.42,6.23,5.12,-0.39,-4.92,2.63,0.01
193510,6.61,7.02,8.49,8.27,8.9,9.95,12.67,8.88,11.28,1.48,7.03,0.01
193511,5.34,9.01,4.96,7.3,9.66,9.09,9.29,17.79,18.23,48.19,4.88,0.02
193512,6.88,3.07,2.73,4.49,6.99,13.07,6.71,6.11,7.49,2.34,4.56,0.01
193601,6.74,5.52,7.79,8.98,9.68,10.39,12.67,19.39,18.39,41.52,6.89,0.01
193602,2.5,2.47,1.77,4.64,6.56,6.32,7.69,4.88,7.74,4.21,2.49,0.01
193603,0.83,1.86,0.84,0.94,1.8,2.39,0.95,2.18,-0.22,-2.67,0.99,0.02
193604,-9.18,-8.18,-9.16,-11.81,-12.1,-11.49,-13.01,-12.97,-15.45,-19.73,-8.14,0.02
193605,4.57,4.28,2.59,4.44,4.86,4.48,5.38,6.57,6.14,11.02,5.19,0.02
193606,0.4,1.84,0.61,1.4,0.18,-0.04,1.26,-1.98,-1.96,-3.04,2.4,0.03
193607,9.97,3.87,7.41,6.84,8.01,8.82,7.38,10.22,6.64,8.6,6.67,0.01
193608,-2,1.59,1.86,1.44,2.84,2.12,2.43,3.52,3.89,4.38,0.99,0.02
193609,2.66,1.98,2.17,3.51,3.61,1.34,4.81,5.14,1.84,7.04,0.98,0.01
193610,4.43,4.67,4.75,4.34,7.55,10.05,7.94,9.8,8.33,7.02,7.12,0.02
193611,8.11,7.28,7.05,5.68,7.49,7.85,9.99,11.41,14.74,10.72,3.27,0.01
193612,-1.06,1.23,1.27,1.98,2.14,2.6,3.04,2.43,5.45,6.2,0.21,0
193701,6.21,4.12,3.56,5.76,3.99,9.15,9.33,7.54,11.85,10.88,3.35,0.01
193702,-0.07,0.52,2.81,1.89,0.96,-0.35,1.5,5.47,6.04,9.24,1.09,0.02
193703,-3.28,-2,-0.91,-2.86,-0.57,2.1,-1.57,1.14,3.63,4.54,-0.27,0.01
193704,-7.91,-7.35,-8.67,-8.71,-8.78,-10.1,-10.03,-11.17,-12.38,-15.31,-7.36,0.03
193705,-0.87,0.03,-1.7,-2.32,-2.8,-2.01,-1.76,-3.45,-1.75,-5.88,-0.83,0.06
193706,-5.49,-5.53,-5.35,-6.97,-6.18,-6.28,-8.08,-6.91,-9.47,-15.82,-4.21,0.03
193707,10.37,8.58,10.68,11.06,10.51,7.97,8.83,9.8,9.99,11.12,8.91,0.03
193708,-2.98,-4.21,-4.84,-5.37,-4.92,-5.43,-4.26,-6.04,-5.39,-9.2,-4.86,0.02
193709,-18.64,-17.72,-18.18,-19.38,-19.13,-17.23,-18.63,-19.93,-22.36,-23,-13.61,0.04
193710,-10.48,-9.67,-10.37,-9.36,-9.05,-10.7,-10.32,-9.54,-9.94,-11.31,-9.61,0.02
193711,-8.33,-10.45,-11.28,-10.74,-9.7,-12.23,-10.74,-11.3,-12.04,-14.15,-8.31,0.02
193712,-7.59,-6.83,-10.65,-10.04,-10.1,-9.84,-10.21,-10.45,-8.3,-17.79,-4.24,0
193801,2.93,2.2,3.32,4.94,4.57,6.06,5.72,4.06,3.46,5.73,0.49,0
193802,7.63,8.58,7.85,6.88,6.96,6.25,5.36,5.91,3.63,4.14,5.84,0
193803,-27.44,-26.71,-27.31,-28.57,-27.4,-26.89,-27.84,-28.73,-28.11,-38.66,-23.82,-0.01
193804,21.01,20.2,19.16,20.16,19.87,18.36,21.2,19.04,19.08,26.66,14.51,0.01
193805,-7.29,-8.32,-6.34,-7.03,-7.33,-6.23,-8.42,-5.42,-6.72,-6.85,-3.83,0
193806,32.43,32.65,31.07,33.49,30.77,31.02,30.01,29.18,31.54,30.49,23.87,0
193807,8.78,10.99,11.08,13.06,14.07,12.59,11.09,14.22,14.91,14.67,7.34,-0.01
193808,-2.92,-3.34,-3.04,-4.92,-4.5,-4.87,-6.51,-6.57,-10.42,-13.05,-2.67,0
193809,-0.51,-0.26,-0.68,-0.79,-2.68,-1.13,-1.35,-1.64,-1.46,-3.65,0.81,0.02
193810,10.7,10.71,11.66,13.85,14.92,11.52,15.84,16.03,19.5,17.42,7.8,0.01
193811,0.16,-3.21,-1.97,-2.93,-1.17,-2.93,0.13,-5.2,-5.47,-10.89,-1.72,-0.06
193812,4.6,3.75,4.4,4.43,3.51,3.55,1.07,1.11,2.34,1.6,4.19,0
193901,-5.82,-6.8,-7.17,-8.67,-7.61,-7.94,-7.18,-7.23,-10.33,-8.29,-5.96,-0.01
193902,3.8,1.86,4.82,4.99,4.23,3.79,4.06,3.62,5.81,6.77,3.51,0.01
193903,-10.56,-15.84,-14.47,-17.28,-17.09,-17.04,-17.73,-20.19,-21.92,-21.79,-11.99,-0.01
193904,-0.11,-0.11,-0.54,-0.36,0.02,-0.69,0.12,-0.11,4.54,-0.89,-0.18,0
193905,7.11,9.01,8.92,9.13,8.3,9.74,7.75,8.43,9.07,8.47,6.8,0.01
193906,-5.16,-7.61,-6.49,-7.36,-7.98,-8.95,-8.54,-10.49,-11.59,-11.47,-5.31,0.01
193907,11.06,15.56,14.78,15.18,14.74,13.13,11.82,12.57,14.65,13.89,10.24,0
193908,-8.69,-10.57,-11.45,-10.47,-11.98,-10.04,-9.01,-11.5,-12.09,-9.68,-6.68,-0.01
193909,24.4,20.3,24.69,26.3,36.85,32.91,35.36,34.38,49.52,116.32,16.88,0.01
193910,2.48,1.7,2.02,0.41,-1.02,-0.21,-0.81,0.7,-1.84,-9.9,-0.53,0
193911,-4.78,-4.79,-5.7,-6.77,-7.61,-6.72,-5.89,-8.96,-10.81,-20.49,-3.62,0
193912,4.49,4.23,1.95,2.65,3.92,1.93,0.67,0.11,1.16,-3.67,3.03,0
194001,-1.29,-1.92,-2.81,-1.02,-1.95,-2.82,-1.48,-3.02,-2.28,-2.83,-2.41,0
194002,0.69,2.06,3.38,3.76,3.1,3.65,2.49,3.88,5.61,3.45,1.44,0
194003,3.84,3.8,1.57,2.89,2.69,-0.18,1.94,3.21,3.26,2.25,2.05,0
194004,1.48,-0.55,0.55,0.14,1.34,1,2.39,1.12,5.78,2.13,0.22,0
194005,-23.83,-26.59,-26.58,-24.86,-26.33,-27.95,-24.94,-26.86,-31.26,-32.37,-21.95,-0.02
194006,4.25,7.28,6.35,5.71,7.07,7.62,5.55,5.54,8.15,9.44,6.67,0
194007,3.79,4.42,4.06,4.63,4.3,2.55,4.2,2.81,3.98,2,3.16,0.01
194008,1.2,2.27,1.39,3.45,2.78,4.74,1.96,2.89,1.38,1.74,2.19,-0.01
194009,4.11,4.29,4.52,4.64,4.88,3.07,3.28,4.82,3.55,3.05,2.39,0
194010,2.24,3.32,3.28,5.37,5.56,5.51,8.36,5.2,8.41,2.42,3.02,0
194011,-1.27,-0.73,0.65,-0.06,0.57,1.36,-0.38,2.07,2.82,-4.3,-1.61,0
194012,0.63,-0.6,-0.95,-1.51,-1.36,-2.29,0.07,-0.75,-1.47,-7.34,0.69,0
194101,-5.08,-4.41,-3.7,-4.16,-2.63,-2.38,-2.33,-0.56,-0.16,11.52,-4.17,-0.01
194102,-2.38,-1.93,-2.5,-1.63,-1.23,-1.24,-2.05,-3.46,-1.38,-2.56,-1.43,-0.01
194103,0.34,0.39,-0.26,0.25,1.11,0.98,0.7,1.78,2.58,5.15,0.84,0.01
194104,-5.97,-6.91,-8.01,-6.35,-5.76,-5.37,-4.88,-4.43,-5.09,-1.86,-5.46,-0.01
194105,1.97,1.34,1.31,1.05,1.02,1.18,1.68,1.6,1.13,-0.23,1.39,0
194106,5.15,5.21,6.08,6.29,5.56,6.27,7.89,6.35,10.64,7.81,5.83,0
194107,7.97,8.13,7.75,9.94,9.05,11.47,12.41,14.09,18.59,31.62,5.87,0.03
194108,0.09,-0.29,-0.96,-0.89,-0.88,-1.06,-1.26,-1.15,1.23,-1.08,-0.17,0.01
194109,-1.91,-0.88,-1.79,-1.36,-2.24,-2.42,-1.46,-1.33,-1.64,-4.73,-0.87,0.01
194110,-5.82,-6.08,-5.21,-6.09,-5.8,-5.8,-7,-4.4,-5.71,-8.38,-5.25,0
194111,-1.86,-1.14,-2.75,-2.62,-3.64,-4.55,-3.36,-1.58,-3.77,-7.17,-1.92,0
194112,-3.71,-5.94,-6.22,-5.93,-6.52,-8.01,-7.17,-10.01,-12.01,-16.02,-4.87,0.01
194201,-0.14,4.13,5.43,6.21,9.28,10.53,13.12,11.66,15.84,43.53,0.79,0.02
194202,-3.35,-1.12,-2.3,-2,-1.69,-1.19,-0.45,-1.69,-1.08,-2.06,-2.46,0.01
194203,-5.53,-4.43,-4.65,-3.25,-6.33,-5.99,-3.64,-4.73,-6.01,-5.21,-6.58,0.01
194204,-4.68,-6.02,-5.38,-5.12,-4.39,-3.85,-4.46,-4.85,-2.64,-4.39,-4.37,0.01
194205,4.45,3.88,3.07,4.9,3.01,2.92,2.97,2.45,2.02,-0.96,5.94,0.03
194206,5.1,2.79,2.15,3.31,0.99,1.18,0.65,3.72,2.55,3.05,2.69,0.02
194207,3.13,4.44,4.81,3.77,4.38,4.78,4.38,3.21,5.52,8.33,3.51,0.03
194208,1.62,3.31,2.22,2.96,2.19,2.08,1.79,2.79,2.76,4.8,1.8,0.03
194209,2.34,2.75,2.93,3.11,2.98,3.05,4.08,5.14,3.88,15.33,2.61,0.03
194210,5.48,8.45,6.41,6.43,7.72,10.41,8.75,12.89,12.8,14.88,6.82,0.03
194211,1.04,-0.41,-0.18,1.26,-0.21,-1.91,-1.32,-3.03,-1.12,-7.88,0.15,0.03
194212,5.8,3.86,4.43,3.78,5.19,3.46,4.2,2.59,1.46,0.57,5.12,0.03
194301,6.87,8.72,8.93,11,11.89,13.81,14.38,16.96,23.59,43.54,7.13,0.03
194302,4.59,7.74,8.14,7.92,8.38,8.85,11.36,12.02,16.29,33.4,6.15,0.03
194303,6.53,9.13,7.78,7.82,10.96,11.79,11.76,13.34,17.22,16.67,6.01,0.03
194304,-0.19,0.23,-0.87,3.03,1.31,1.4,4.77,3.59,8.86,12.01,0.81,0.03
194305,3.66,5.79,5.96,6.57,7.07,8.5,6,9.26,12.15,16.17,5.74,0.03
194306,0.45,1.88,2.5,2.51,0.52,1.49,1.97,2.16,1.97,-1.59,1.82,0.03
194307,-4.54,-5.67,-4.32,-5.37,-5.22,-6.01,-8.31,-5.81,-6.86,-11.07,-4.77,0.03
194308,1.4,0.81,0.3,1.23,0.63,0.12,0.77,0.73,1.36,-3.42,1.3,0.03
194309,1.68,3.14,2.34,3.13,3.11,4.12,3.34,3.38,5.6,6.26,2.4,0.03
194310,-1.45,-1.76,-0.05,-0.98,-0.18,-0.4,0.64,3.58,-1.1,-0.88,-1.15,0.03
194311,-6.34,-7.81,-6.4,-6.98,-6.92,-8.15,-9.27,-8.28,-11.36,-17.16,-5.91,0.03
194312,6.33,8.06,7.56,7.72,9.09,10.92,10.99,11.14,12.27,14.93,6.36,0.03
194401,2.16,3.22,3.37,3.54,3.13,3.83,4.91,3.76,6.66,8.93,1.74,0.03
194402,0.21,1.59,0.06,0.98,1.15,0.25,0.64,0.77,3.76,5.78,0.37,0.03
194403,1.53,2.25,2.97,3.59,3.31,4.34,4.51,4.52,6.51,8.43,2.46,0.02
194404,-1.97,-2.39,-2.24,-2.45,-3.26,-3.05,-2.3,-3.15,-2.41,-5.75,-1.69,0.03
194405,4.83,4.98,5.55,6.63,6.62,8.53,7.58,6.32,8.78,7.17,5.07,0.03
194406,7.18,7.44,9.49,10.36,9.26,8.56,12.89,10.53,12.56,16.03,5.49,0.03
194407,-0.89,-0.44,-0.65,-1.97,-2.21,-0.15,-1.15,-1.01,-2.84,0.17,-1.49,0.03
194408,2,2.87,3.03,3.64,3.61,3.49,4.05,3.49,3.21,0.87,1.57,0.03
194409,0.41,0.52,0.37,-0.72,-0.1,-0.51,0.96,0.36,0.77,-0.55,0.01,0.02
194410,-0.54,-0.63,0.15,0.4,0.66,0.35,0.55,-0.52,-0.12,0.01,0.16,0.03
194411,1.15,1.29,1.09,2.27,2.82,2.58,4.07,3.02,2.34,3.73,1.71,0.03
194412,2.96,4.66,5.53,5.24,6.37,6.55,7.04,5.91,10.15,17.24,4.03,0.02
194501,3.15,4.58,2.85,4.36,4.07,4.85,5.35,5.06,5.46,4.2,2.01,0.03
194502,5.59,6.79,6.1,7.41,9.27,8.37,8.04,9.44,10.84,12.67,6.23,0.02
194503,-3.12,-5.19,-3.96,-5.6,-5.29,-6.11,-5.93,-6.26,-7.38,-7.85,-3.89,0.02
194504,7.12,8.03,7.72,9.52,8.45,8.44,9.07,7.84,9.25,12.38,7.8,0.03
194505,1.12,3.17,2.8,2.11,3.17,1.95,2.91,2.6,4.35,6.11,1.73,0.03
194506,0.57,2.19,-0.03,1.26,0.68,3.29,4.08,3.18,6.29,13.51,0.39,0.02
194507,-1.24,-3.49,-3.21,-3.59,-4.13,-2.5,-2.29,-4.53,-3.91,-6.85,-2.17,0.03
194508,6.88,8.72,8.26,9.32,7.65,7.52,5.7,6.3,5.4,1.35,6.2,0.03
194509,4.49,5.86,5.8,7.06,5.61,5.58,7.98,5.89,7.79,6.66,4.77,0.03
194510,6.39,5.1,4.35,5.57,7.79,6.98,7.68,7.65,8.49,5.45,3.89,0.03
194511,6.98,8.13,8.63,8.59,8.31,9.26,11.26,11.95,11.6,11.66,5.39,0.02
194512,1.89,3.31,2.18,2.81,3.76,2.13,3.42,2.75,2.17,1.17,1.2,0.03
194601,7.35,6.87,8.43,8.91,8.16,8.72,8.47,8.66,12.85,13.4,6.24,0.03
194602,-5.21,-6.03,-6.91,-6.12,-6.19,-6.47,-7.03,-6.28,-5.91,-9.26,-5.83,0.03
194603,6.2,5.65,6.53,7.58,6.89,6.72,5.75,6.66,4.75,3.32,5.87,0.03
194604,4.23,3.62,4.23,6.31,6.79,7.81,6.07,5.44,6.77,2.9,4.23,0.03
194605,4.39,5.55,5.98,6.22,7.26,4.05,4.26,5.53,4.21,9.04,3.93,0.03
194606,-4.6,-4.96,-5.13,-5.29,-4.3,-4.55,-4.65,-5.88,-5.51,-4,-3.89,0.03
194607,-4.14,-4.17,-4.15,-3.64,-4.31,-3.16,-3.28,-3.61,-3.3,-7.11,-2.69,0.03
194608,-7.96,-6.7,-7.35,-7.39,-8.05,-7.41,-7.3,-6.35,-7.48,-9.17,-6.44,0.03
194609,-11.99,-12.88,-11.64,-13.25,-12.43,-14.34,-11.94,-12.3,-13.95,-19.19,-10.17,0.03
194610,-2.97,-2.17,-2.92,-1.85,-2,-0.45,-0.76,-1.04,-0.08,1.78,-1.44,0.03
194611,-1.42,-1.26,0.07,0.24,-0.72,-0.04,-0.67,0.01,1.66,0.22,-0.01,0.03
194612,4.17,5.98,5.34,7.12,4.85,4.86,4.92,4.31,5.08,1.57,4.96,0.03
194701,0.89,3.66,3.87,1.39,2.24,3.72,2.36,3.21,3.53,5.5,1.25,0.03
194702,-0.67,-1.63,-0.98,-0.47,-0.53,-0.74,-0.91,0.18,0.19,0.52,-1.08,0.03
194703,-3.62,-1.65,-3.03,-3.29,-3.86,-3.46,-2.19,-2.52,-1.68,-4.42,-1.67,0.03
194704,-8.46,-8.36,-7.91,-7.36,-8,-7.94,-7.94,-8.2,-7.03,-10.57,-4.8,0.03
194705,-4.37,-4.03,-4.09,-3.11,-3.52,-4.46,-2.64,-4.37,-3.37,-4.41,-0.97,0.03
194706,4.97,5.72,6.53,5.17,6.49,5.85,5.53,5.32,5.95,7.38,5.29,0.03
194707,4.27,5.97,4.17,5.84,7.39,6.36,4.92,6.76,7.59,8.79,4.14,0.03
194708,-1.97,-1.07,-1.79,-1.25,-1.77,-2.37,-2.24,-0.76,-1.17,-2.48,-1.74,0.03
194709,0.4,-0.48,-0.37,0.58,-0.35,1.6,0.03,1.48,1.46,1.96,-0.54,0.06
194710,2.88,3.52,3.7,3.79,3.95,4.6,3.6,4.31,3.76,1.12,2.47,0.06
194711,-3.55,-3.53,-3.78,-2.4,-2.68,-2.79,-2.78,-2.7,-2.33,-2.66,-1.97,0.06
194712,1.48,2.09,2.18,3.23,1.43,0.22,0.12,2.99,1.6,7.69,3,0.08
194801,-2.08,-3.05,-2.62,-2.91,-3.41,-1.88,-1.22,-1.97,-0.88,2.16,-3.93,0.07
194802,-5.31,-5.95,-6.28,-5.98,-5.62,-5.52,-6.54,-5.82,-6.17,-6.35,-4.38,0.07
194803,7.98,8.19,7.94,8.07,9.45,9.82,9.2,11.32,12.83,10.8,8.07,0.09
194804,1.54,4.16,2.28,3.81,3.58,2.58,3.9,4.31,4.53,7.69,3.65,0.08
194805,8.2,8.1,9.64,8.97,9.64,9.89,7.67,8.29,8.23,9.03,7.3,0.08
194806,-1.87,-2.69,-1.47,-0.92,-1.41,-3.36,-2.35,-1.87,-1,2.72,-0.1,0.09
194807,-5.58,-5.62,-4.87,-4.75,-5.09,-5.91,-6.06,-4.93,-4.98,-4.79,-5.09,0.08
194808,-0.65,-0.63,-0.2,-0.01,0.65,0.34,-1.15,0.09,-0.59,0.12,0.25,0.09
194809,-3.79,-3.1,-3.52,-4.07,-3.56,-3.82,-4.81,-4.65,-4.74,-6.14,-2.97,0.04
194810,4.27,4.79,5.79,4.86,5.67,5.33,5.19,5.41,5.02,6.47,5.96,0.04
194811,-9.02,-10.13,-8.63,-10.19,-8.56,-10.75,-12.21,-10.8,-11.47,-14.74,-9.3,0.04
194812,3.74,3.28,2.4,1.13,0.07,0.47,0.21,0,0.18,1.24,3.26,0.04
194901,1.31,1.3,0.84,1.18,1.32,3.06,1.95,1.91,2.58,3.58,0.23,0.1
194902,-3.14,-4.23,-3.34,-4.31,-3.13,-3.27,-4.91,-4.07,-3.65,-6.72,-2.93,0.09
194903,6.32,5.31,4.96,5.33,4.28,5.54,6.05,6.35,6.6,8.61,4.04,0.1
194904,-2.61,-2.1,-2.53,-2.56,-3.97,-2.36,-3.48,-3.56,-3.92,-3.78,-1.87,0.09
194905,-2.83,-4.03,-3.04,-3.9,-2.49,-3.89,-5.74,-4.4,-5.1,-7.81,-2.94,0.1
194906,0.11,0.15,-0.81,-1.82,-0.22,-1.2,1,-0.9,-1.68,-2.28,0.1,0.1
194907,6.58,6.18,5.4,7.36,5.95,6.73,6.65,6.45,5.19,6.23,5.54,0.09
194908,2.05,3.01,2.64,3.04,3.8,2.17,1.54,2.63,2.1,1.7,2.6,0.09
194909,3.86,4.23,4.04,3.86,3.93,4.05,4.37,4.56,3.47,6.61,3.09,0.09
194910,4.35,3.06,3.76,3.05,3.58,3.06,5.56,3.98,4.89,4.18,3.14,0.09
194911,0.44,1.48,1.79,2.14,1.49,0.04,0.27,0.4,0.17,0.39,1.82,0.08
194912,5.27,6.03,7.51,5.59,6.48,6.46,7.19,7.37,7.41,11.93,5.13,0.09
195001,3.13,2.1,3.56,3.42,4.36,4.02,3.14,3.18,5.73,6.53,1.7,0.09
195002,2.29,0.94,1.15,2.38,1.87,2.12,2.86,1.43,0.8,0.57,1.48,0.09
195003,0.42,0.76,1.9,-0.71,-0.19,0.2,-1.67,-1.32,-2.37,0.48,1.26,0.1
195004,4.37,3.34,3.09,3.04,4.19,5.99,4.89,5.11,7.35,8.66,3.94,0.09
195005,3,3.45,2.85,3.22,3.29,3.29,3.09,4.59,3.34,3.15,4.31,0.1
195006,-7.01,-6.8,-7.59,-7.4,-7.19,-6.65,-7.82,-7,-8.49,-9.74,-5.94,0.1
195007,-3.63,-0.64,-0.06,-0.55,3.86,5.78,7.81,8.54,11,18.85,1.36,0.1
195008,5.32,5.11,4.38,5.7,5.75,5.17,4.74,4.68,5.59,3.46,4.85,0.1
195009,5.92,5.11,6.96,6.22,4.87,5.72,4.93,5.31,4.89,5.53,4.81,0.1
195010,-1.11,0.19,-1.91,-0.02,-0.57,-1.2,-0.65,-0.56,0.24,1.07,-0.18,0.12
195011,2.89,2.16,1.63,1.84,2.78,2.27,3.17,3.31,5.32,7.73,2.76,0.11
195012,4.44,4.16,4.3,5.53,7.21,9.64,10.47,9.94,11.93,16.49,5.54,0.11
195101,6.18,5.23,7.37,7.97,6.8,6.96,6.68,9.07,8.63,11.52,5.7,0.13
195102,1.86,2.41,1.31,1.3,2.88,1.22,0.76,0.31,-0.25,-0.21,1.41,0.1
195103,-1.23,-1.11,-1.64,-1.62,-3.51,-4.16,-5.13,-5.07,-4.99,-6.4,-2.15,0.11
195104,3.34,3.24,2.58,3.94,4.19,4.11,3.97,5.85,5.33,5.57,4.86,0.13
195105,-2.23,-1.7,-1.82,-1.82,-2.09,-1.72,-3.27,-2.72,-3.52,-3.72,-2.34,0.12
195106,-2.31,-1.76,-3.19,-3.71,-3.31,-5.79,-4.84,-5.97,-6.42,-8.35,-2.62,0.12
195107,7.76,6.34,5.57,5.56,4.68,5.71,6.68,6.87,5.48,8.21,6.94,0.13
195108,3.24,4.59,5.95,4.61,4.77,4.63,5.28,5.32,4.99,4,4.27,0.13
195109,0.89,1.42,2.04,2.57,2.38,2.26,2.14,2.42,2.82,3.16,0.7,0.12
195110,-2.8,-2.85,-1.96,-2.04,-2.22,-1.89,-1.92,-2.68,-2.87,-3.42,-2.53,0.16
195111,0.37,1.24,1.2,1.78,0.47,0.61,0.53,0.84,-0.15,0.73,0.57,0.11
195112,3.61,1.99,1.63,1.67,1.38,2.51,1.13,0.56,0.7,0.25,3.33,0.12
195201,1.5,2.05,2.06,1.97,1.15,1.75,2.11,1.33,2.01,1.74,1.45,0.15
195202,-3.1,-0.41,-1.89,-1.25,-2.59,-2.71,-1.98,-2.69,-2.52,-1.12,-2.62,0.12
195203,3.05,2.29,1.88,2.99,1.99,3.13,3.19,3.07,2.52,5.6,4.44,0.11
195204,-5.23,-4.22,-4.65,-4.62,-3.93,-4.52,-4.95,-4.65,-4.89,-2.98,-4.97,0.12
195205,2.66,2.14,2.63,1.73,2.74,2.54,2.16,2.02,2.58,2.9,3.2,0.13
195206,2.33,2.56,2.65,4.07,2.47,2.89,2.18,3.98,2.92,4.55,3.83,0.15
195207,0.57,1.5,0.82,1.6,1.66,1.15,1.73,0.74,0.23,0.19,0.91,0.15
195208,-0.82,-0.47,0.68,0.29,0.86,0.33,0.29,0.53,-0.6,-0.63,-0.76,0.15
195209,-2.23,-0.97,-0.76,-1.23,-0.94,-0.85,-1.96,-2.17,-1.58,-1.98,-2.03,0.16
195210,-1.23,-0.74,-0.73,-0.92,-1.26,-1.57,-1.05,-1.76,-1.25,-0.79,-0.66,0.14
195211,5.41,5.17,4.73,7.14,5.47,4.93,5.49,6.06,5.4,6.47,5.94,0.1
195212,3.24,1.42,2.14,1.84,1.84,2.41,2.35,1.22,2.08,3,2.93,0.16
195301,0.22,1.29,1.58,1.23,2.65,3.2,3.61,3.32,3.57,3.5,-0.34,0.16
195302,1.25,0.71,0.24,1.28,0.87,1.84,2.12,1.19,1.09,1.19,-0.27,0.14
195303,-1.07,-1.03,-0.67,-1.31,-2.01,-1.16,-0.91,-1.16,-1.71,-1.02,-1.43,0.18
195304,-2.96,-2.75,-2.73,-3.04,-2.09,-2.06,-2.3,-1.16,-1.49,-2.23,-2.83,0.16
195305,0.78,-0.07,0.62,-0.23,0.93,1.15,0.55,0,0.01,2.81,0.52,0.17
195306,-1.96,-2.7,-3.4,-3.39,-2.91,-2.92,-3.46,-3.87,-3.8,-3.92,-1.89,0.18
195307,2.03,1.97,1.67,2.15,1.22,1.94,0.79,2.2,2.16,1.13,2.4,0.15
195308,-3.71,-3.63,-3.14,-4.28,-5.39,-4.61,-6.4,-6.09,-5.76,-8.11,-4.52,0.17
195309,-0.2,1.59,-0.3,0.12,-1.29,-0.16,-1.46,-2.17,-2.75,-3.35,0.2,0.16
195310,4.17,3.8,4.02,3.84,3.77,4.62,3.78,3.24,2.74,2.88,4.6,0.13
195311,3.24,2.65,2.86,2.53,1.83,2.89,1.16,0.92,2.02,1.96,2.83,0.08
195312,0.67,0.09,-0.39,-0.35,-1,-1.12,-2.21,-2.35,-3.22,-4.85,0.03,0.13
195401,5.62,4.56,5.89,6.8,6.65,6.55,7.6,8.74,9.49,9.04,5.13,0.11
195402,1.74,1.52,1.04,1.43,2.09,1.97,0.6,1.97,-0.11,0.8,1.67,0.07
195403,4.51,3.21,3.09,2.71,3.17,3.62,2.15,2.23,2.17,1.27,3.65,0.08
195404,2.34,1.66,2.08,2.6,3.31,1.57,-0.14,1.55,-0.02,0.17,4.27,0.09
195405,3.54,2.97,3.54,3.38,3.47,4.29,5.5,4.67,5.37,5,3.09,0.05
195406,0.92,1.19,1.25,1.05,1.62,1.15,0.47,1.65,1.62,1.61,1.07,0.06
195407,4.58,5.5,6.2,6.78,6.33,6.97,7.34,7.59,9.9,11.17,4.99,0.05
195408,-1.96,-1.94,-1.16,-1.44,0.17,-0.62,-0.45,-0.73,0.13,-1.47,-2.34,0.05
195409,4.67,3.05,4.55,4.07,5.42,5.32,4.63,5.33,4.81,3.21,6.39,0.09
195410,-1.12,-1.22,-1.4,-0.58,-0.35,0.1,-0.75,0.13,-0.96,-0.89,-1.67,0.07
195411,9.09,7.68,7.1,8.73,9.35,8.91,9.43,11.12,8.74,9.71,9.38,0.06
195412,4.53,5.1,5.59,8.32,7.8,9.06,10.1,10.89,12.03,15.25,5.48,0.08
195501,-0.48,0.13,1.95,1.01,1.64,1.43,2.52,1.48,2.27,3.17,0.6,0.08
195502,3.35,3.88,4.11,4.37,3.9,5.07,4.27,4.52,4.93,4.73,3.02,0.09
195503,0.87,-1.03,-1.06,-0.39,-0.43,-0.38,-0.21,1.01,0.96,1.25,-0.16,0.1
195504,3.31,2.27,2.57,1.74,2.47,2.29,1.63,3.38,0.59,3.66,3.11,0.1
195505,1.92,0.33,1.11,0.76,-0.23,0.9,0.64,-0.02,0.76,1.16,0.93,0.14
195506,3.99,3.4,3.6,3.06,3.52,5.04,4.23,4.48,3.29,1.79,6.55,0.1
195507,0.57,-0.62,0.15,1.84,-0.06,1.04,0.52,1.69,1.94,1.33,1.9,0.1
195508,1.96,1.9,0.06,0.87,-0.21,1.61,-0.29,0.22,0.13,-0.35,0.21,0.16
195509,-1.36,-2.24,-0.43,-1.67,0.11,-0.85,-0.3,-1.22,0.76,-0.29,-0.36,0.16
195510,-2.05,-1.89,-1.63,-2.35,-1.99,-2.02,-0.21,-1.72,-1.34,-1.24,-2.68,0.18
195511,7.34,5.25,6.91,5.92,5.22,5.14,3.8,5.1,4.06,6.28,7.03,0.17
195512,2.43,3.14,2.04,2.22,3.37,1.65,2.44,1.58,1.89,1.96,1.49,0.18
195601,-2.41,-3.2,-2.14,-1.97,-3.11,-0.91,-2.1,-1.07,-1.96,-2.14,-3.03,0.22
195602,3.52,4.53,3.47,3.02,2.92,4.08,3.43,2.99,2.75,2.78,3.77,0.19
195603,6.44,5.18,5.69,4.23,5.46,4.89,4.82,5.68,4.49,4.99,6.64,0.15
195604,0.37,-0.15,0.74,0.38,0.09,-0.31,0.98,-0.2,-0.14,1.34,0.28,0.19
195605,-3.42,-2.99,-4.23,-4.01,-4.05,-3.35,-4.04,-4.39,-4.47,-5.38,-5.2,0.23
195606,4.17,2.64,2,2.2,2.91,2.56,2.03,1.55,1.07,0.77,3.48,0.2
195607,4.15,4.45,4.68,5.14,4.35,2.31,4.48,3.75,3.25,2.89,4.84,0.22
195608,-2.11,-2.24,-1.95,-2.02,-1.43,-1.18,-1.61,-1.44,-1.33,-3.14,-3.18,0.17
195609,-6.16,-4.78,-4.05,-4.81,-3.47,-3.28,-2.65,-2.6,-1.97,-1.96,-5.14,0.18
195610,-0.09,0.46,0.96,1.59,0.43,0.55,0.87,0.76,0.28,1.37,0.52,0.25
195611,0.32,0.14,0.2,0.72,0.23,0.53,1.2,0.91,0.26,1.34,0.36,0.2
195612,3.49,3.15,2.54,2.57,3.13,2.06,1.71,1.93,0.73,1.75,3.16,0.24
195701,-2.57,-0.43,-0.38,-1.54,0.49,0.47,-0.3,1.13,2.74,2.51,-3.58,0.27
195702,-1.86,-1.58,-1.76,-2.01,-2.63,-2.75,-2.85,-2.71,-2.29,-2.47,-2.06,0.24
195703,2.31,2.7,1.56,2.21,3.03,2.27,2.48,2.15,1.26,2.71,2.13,0.23
195704,4.28,2.68,1.9,1.32,4.37,2.33,2.38,2.48,1.17,3.51,4.26,0.25
195705,4.76,2.78,2.5,2.26,1.08,2.07,1.88,0.88,1.15,2.32,3.45,0.26
195706,0.08,-2,-1.6,-1.13,-1.52,-0.82,-0.38,-0.3,-0.41,1.14,-0.74,0.24
195707,-0.07,1.46,-0.39,0.73,0.02,0.42,1.41,0.4,1.35,0.06,0.66,0.3
195708,-6.89,-5.67,-4.76,-3.8,-4.07,-4.18,-5.15,-5.48,-4.65,-4.88,-5.11,0.25
195709,-6.93,-5.88,-5.28,-5.19,-4.04,-3.94,-5.18,-4.17,-4.5,-7.42,-5.98,0.26
195710,-7.07,-4.9,-4.59,-4.06,-5.38,-4.32,-6.63,-6.57,-7.64,-11.44,-4.32,0.29
195711,5.03,4.19,3.47,2.45,1.85,1.62,0.57,1.2,1.76,-0.28,2.3,0.28
195712,-5.66,-3.32,-3.16,-2.87,-2.81,-4.27,-6.69,-6.61,-5.19,-7.09,-3.91,0.24
195801,7.18,7.91,8.55,9.33,9.05,9.79,11.85,12.66,13.72,16.43,4.66,0.28
195802,-2.63,-0.79,-0.92,-0.09,-1.19,-0.42,-0.39,-0.82,-0.04,-3.05,-1.52,0.12
195803,5.35,3.94,3.4,3.61,3.78,3.55,3.74,3.34,2.8,3.21,3.27,0.09
195804,2.79,3.1,2.62,2.19,2.57,1.84,1.98,2.99,4.16,6.97,3.09,0.08
195805,4.57,3.5,3.81,3.19,3.52,3.32,4.94,3.88,4.15,4.68,2.31,0.11
195806,3.61,2.33,2.86,3.2,3.46,2.18,3.02,2.88,3.79,4.04,2.93,0.03
195807,4.6,3.32,4.36,4.18,6.51,5.73,6.17,5.6,6.43,8.63,4.39,0.07
195808,3.2,2.21,1.48,2.6,2.75,2.93,2.49,3.79,4.09,4.27,1.91,0.04
195809,4.15,3.83,4.27,3.26,3.84,4.61,5.35,5.79,7.46,9.77,4.66,0.19
195810,4.77,2.66,3.22,5.07,3.33,1.43,2.68,3.52,4.14,2.76,2.53,0.18
195811,5.72,4.62,4.47,3.68,5.03,3.67,3.16,4.64,3.72,4.58,3.01,0.11
195812,4.23,4.11,4.68,4.45,3.83,3.55,2.96,5.07,3.35,2.51,5.15,0.22
195901,1.07,1.12,1.91,2.36,4.96,5.12,6.38,5.9,5.68,6.75,0.71,0.21
195902,3.42,2.2,0.94,3.55,3.04,2.38,4.21,3.75,2.85,1.37,0.95,0.19
195903,1.62,0.77,0.53,1.19,1.99,0.76,0.75,0.51,2.35,1.19,0.28,0.22
195904,5.18,1.34,1.87,3.64,2.47,1.24,3.86,2.12,2.4,2.67,3.66,0.2
195905,-0.2,0.97,0.71,0.38,1.05,0.71,0.91,0.25,1.85,0.59,1.73,0.22
195906,1.09,0.18,0.13,1.07,0.31,0.72,-0.58,0.59,0.79,1.47,-0.25,0.25
195907,3.91,2.52,2.05,1.88,3.62,3.18,2.13,3.47,4.64,2.9,3.17,0.25
195908,-3.12,-1.32,-0.32,-0.15,-1.17,-0.92,-2.69,-0.49,-1.93,-1.9,-1.39,0.19
195909,-5.74,-5.07,-5.06,-3.45,-4.95,-4.31,-4.58,-3.3,-5.29,-3.74,-4.8,0.31
195910,3.88,1.98,3.73,3.08,2.48,1.89,1.71,1.59,1.73,-1.03,1.28,0.3
195911,4.17,3.38,0.79,0.93,1.73,1.08,1.93,1.2,0.51,0.14,1.6,0.26
195912,2.8,1.66,1.98,2.3,0.76,2.2,2.94,2.98,2.12,2.18,2.45,0.34
196001,-6.73,-5.24,-4.15,-4.6,-4.27,-4.21,-4.24,-2.51,-2.14,-1.26,-6.98,0.33
196002,2.51,1.74,0.94,1.19,-0.09,1.51,0.88,-0.26,0.99,-0.59,1.17,0.29
196003,-0.82,-1.13,-1.35,-1.11,-2.71,-3.08,-3.51,-2.3,-3.12,-5.3,-1.63,0.35
196004,-0.09,-0.07,-1.2,-1.98,-1.45,-3.11,-2.43,-2.43,-2.36,-4.32,-1.71,0.19
196005,5.58,3.85,3.4,1.69,1.65,1,1.35,1.27,1.99,0.73,3.12,0.27
196006,2.01,3.26,2.39,1.63,2.28,2.52,2.55,2.83,1.02,1.43,2.08,0.24
196007,-4.69,-2.83,-2.35,-1.26,-0.82,-1.01,-1.81,-1.08,-0.69,-2.68,-2.37,0.13
196008,3.17,3.57,4.07,5.21,3.35,3.98,3.93,4.35,4.35,2.66,3.01,0.17
196009,-7.17,-6.82,-5.6,-5.2,-5.61,-5.28,-5.99,-4.73,-6.8,-7.31,-5.99,0.16
196010,-3.94,-1.64,-2.61,-1.43,-2.44,-2.13,-1.17,-2.58,-2.84,-2.62,-0.71,0.22
196011,8.25,5.72,5.43,5.17,4.09,4.08,5.01,3.73,3.29,1.84,4.69,0.13
196012,5.31,4.42,3.7,4.7,5.53,3.49,3.76,2.6,3.23,0.82,4.71,0.16
196101,5.69,6.49,7.33,6.71,7.75,8.05,9.43,9.38,10.1,11.36,6.2,0.19
196102,5.85,6.04,6.14,6.56,5.12,5.37,5.24,8.35,6.88,4.95,3.57,0.14
196103,4.88,5.2,3.41,4.5,3.9,4.46,5.46,4.34,6.43,5.6,2.89,0.2
196104,-0.24,-0.6,1.1,0.61,1.67,-0.47,1.09,3.03,3.08,-0.65,0.29,0.17
196105,2.19,5.55,5.1,2.98,4.23,4.42,5.87,3.54,4.55,5.44,2.4,0.18
196106,-3.67,-5.26,-4.13,-3.49,-2.86,-3.91,-4.03,-4.66,-3.78,-5.58,-3.08,0.2
196107,0.96,0.17,1.83,2,1.52,1.5,1.91,0.79,0.95,-0.36,2.83,0.18
196108,2.91,3.75,3.25,2.56,2.12,0.84,0.93,0.87,0.21,3.17,2.57,0.14
196109,-2.65,-2.94,-1.96,-2.67,-2.58,-3.23,-2.45,-3.35,-3.29,-3.63,-2.15,0.17
196110,0.99,3.28,1.74,4.21,2.92,3.11,2.32,0.91,0.79,1.15,2.57,0.19
196111,5.02,4.55,4.84,4.8,5.49,4.67,5.49,4.09,4.51,4.47,4.45,0.15
196112,-2.45,-2.06,-1.35,-0.44,0.48,-0.04,0.92,1.67,1.69,-1.88,-0.18,0.19
196201,-6.69,-2.28,-2.17,-1.73,-2.05,-0.12,0,1.27,2.06,4.87,-3.87,0.24
196202,0.77,2.45,0.96,0.41,1.45,1.12,1.74,2.04,2.91,0.82,1.81,0.2
196203,-1.73,-0.43,-0.11,0.44,-0.28,-0.49,-1.29,-0.49,0.56,-1.85,-0.68,0.2
196204,-8.9,-5.78,-6.22,-5.68,-6.87,-7.81,-6.58,-6.62,-7.2,-5.88,-6.59,0.22
196205,-13.17,-10.61,-9.27,-9.9,-9.45,-8.81,-8.88,-7.93,-9.65,-10.81,-8.65,0.24
196206,-12.86,-8.82,-8.29,-8.07,-7.73,-8.29,-6.66,-7.12,-7.36,-8.4,-8.47,0.2
196207,10.23,6.09,5.41,6.04,5.4,6.94,4.92,4.71,6.12,7.89,6.28,0.27
196208,4.29,2.97,2.7,3.01,3.67,2.66,2.19,2.19,3.14,2.21,2.13,0.23
196209,-8.74,-5.06,-5.42,-4.86,-5.94,-6.12,-6.97,-4.98,-5.94,-6.26,-5.22,0.21
196210,-3.62,-2.29,-2.09,-2.51,-0.93,-1.99,-3,-2.35,-1.39,-2,-0.05,0.25
196211,16.39,12.29,14.56,12.28,11.98,11.42,14.34,13.52,13.04,16.84,10.87,0.2
196212,-0.87,-0.72,-0.01,1.61,-0.51,-0.58,-2.1,-1.9,-0.47,-2.98,1.01,0.23
196301,5.59,6.8,6.13,5.5,6.2,7.43,9.4,9.76,8.92,12.06,4.93,0.25
196302,-3.96,-2.33,-0.99,-2.34,-1.05,-2.05,-1.39,-1.63,0.69,1.07,-2.38,0.23
196303,1.22,1.49,1.51,2,1.14,1.77,2.95,3.27,2.83,1.61,3.08,0.23
196304,4.2,3,5.08,2.86,3.14,3.16,3.84,4.01,5.46,3.83,4.51,0.25
196305,2.08,1.75,1.39,2.1,2.44,2.14,4.81,3.67,4.59,7.62,1.76,0.24
196306,-1.07,-0.79,-1.41,-1.25,-2.36,-1.63,-2.65,-2.51,-0.78,-1.37,-2,0.23
196307,-0.33,-0.57,-0.53,-1.03,-0.67,-0.25,-1.03,-1.16,-0.65,-1.37,-0.39,0.27
196308,4.87,5.22,4.1,3.21,4.37,3.94,3.36,4.52,4.43,7.04,5.07,0.25
196309,-2.02,-3.15,-1.51,-1.05,-0.86,-0.99,0.7,-2.49,-1.74,-1.19,-1.57,0.27
196310,0.91,3.49,0.37,0.67,2.23,1.09,1.2,3.03,1.87,1.43,2.53,0.29
196311,-1.75,-2.48,-1.48,-1.66,-2.18,-0.59,-1.94,-0.83,0.42,-0.75,-0.85,0.27
196312,-1,0.33,0.89,-0.14,0.17,0.65,-0.01,-0.54,0.22,-0.72,1.83,0.29
196401,3.84,1,2.04,2.33,3.04,3.73,3.2,3.8,4.41,4.84,2.24,0.3
196402,1.8,1.65,1.41,2.37,3.24,2.46,2.34,2.84,4.1,4.73,1.54,0.26
196403,0.66,0.56,1.41,3.4,3.15,3.2,4.47,4.96,3.81,4.28,1.41,0.31
196404,-1.77,-0.95,0.78,-0.34,0.86,0.72,0.11,-1.71,-0.82,-0.09,0.1,0.29
196405,0.54,-0.5,1.37,-0.14,1.27,0.36,1.47,0.97,1.25,2.46,1.42,0.26
196406,1.16,1.32,0.97,1.31,1.74,1.61,0.52,1.94,1.26,1.27,1.27,0.3
196407,1.23,3.13,3.04,3.12,2.57,3.89,1.92,3.64,3.06,4.9,1.74,0.3
196408,-1.87,0.36,-1.16,-1.06,-0.31,0.3,0.33,-0.9,-0.37,-1.8,-1.44,0.28
196409,3.69,3.6,2.61,3.2,4.49,4.68,3.48,3.9,2.91,5.84,2.69,0.28
196410,0.45,2.11,1.53,1.47,1.77,2.08,1.51,2.03,3.25,2.53,0.59,0.29
196411,0.21,0.36,0.41,0.1,-0.64,0.43,0.08,-0.67,-1.12,0.02,0,0.29
196412,0.06,-0.33,-0.06,-0.82,-0.76,-1.65,-1.73,-2.46,-0.54,-2.71,0.03,0.31
196501,7.97,6.45,4.76,5.87,6.27,6.2,5.82,7.94,7.6,9.18,3.54,0.28
196502,2.43,2.03,2.97,2.57,2.29,3.79,3.79,3.69,3.57,3.41,0.44,0.3
196503,-0.1,0.49,1.4,-0.9,0.1,0.68,1.92,1.1,1.14,4.4,-1.34,0.36
196504,2.8,2.77,2.6,4.16,3.04,4.06,4.64,4.28,5.9,3.85,3.11,0.31
196505,-0.19,0.32,-1.03,-0.36,-0.34,-0.82,-0.37,-0.57,-0.35,-1.34,-0.77,0.31
196506,-8.36,-7.3,-7.46,-8,-9.14,-7.75,-8.18,-7.77,-7.21,-9.41,-5.51,0.35
196507,2.39,1.32,2.59,2.76,3.51,2.71,3.82,2.16,3.86,5.07,1.43,0.31
196508,4.72,4.03,3.81,4.4,5.16,5.3,4.15,4.18,3.3,4.28,2.73,0.33
196509,2.64,3.14,3.46,4.52,3.05,1.4,3.68,3.85,4.95,2.53,2.86,0.31
196510,4.78,3.31,4.49,5.84,4.66,5.37,5.7,5.7,6.75,7.48,2.6,0.31
196511,4.7,1.78,3.12,4.02,4.47,2.47,5.74,5.46,5.05,6.39,-0.03,0.35
196512,4.04,4.01,2,4.16,2.63,4.36,4.99,3.58,6.85,5.89,1.01,0.33
196601,4.57,2.8,3.11,4.47,4.81,5.61,7,7.43,6.79,8.98,0.72,0.38
196602,4.13,-0.65,1.68,1.62,2.1,2.13,3.54,1.04,4.7,6.33,-1.21,0.35
196603,-0.02,0.43,-1.42,-2.55,-1.83,-0.99,-2,-1.53,-0.08,-2.51,-2.51,0.38
196604,4.89,4.01,3.2,3.23,4.04,3.31,5.07,5.6,4.79,5,2.14,0.34
196605,-7.57,-5.91,-6.86,-7.96,-8.23,-7.47,-9.24,-9.54,-9.63,-10.68,-5.66,0.41
196606,-1.2,-1.59,-0.77,-0.99,0.15,-0.45,-0.09,-0.33,0.12,-0.1,-1.44,0.38
196607,-1.48,-1.78,-1.98,-0.96,-1.79,-1.5,-1.54,-0.84,-0.4,-1.82,-1.63,0.35
196608,-10.9,-10.03,-9.6,-9.52,-9,-9.4,-9.38,-10.07,-9.8,-10.61,-7.91,0.41
196609,-3.19,-1.07,-1.38,-1.17,-0.34,-1.18,-1.99,-1.73,-1.02,-1.67,-1.06,0.4
196610,-3.65,-0.37,0.33,-0.32,-0.38,1.47,-0.22,0.51,-0.42,-0.75,3.86,0.45
196611,8.74,6.15,3.74,4.01,4.8,1.88,2.4,2.27,1.55,3.29,1.4,0.4
196612,1.86,3.22,1.27,4.16,0.85,1.32,3.15,0.86,1.03,0.76,0.13,0.4
196701,16.49,14.46,15.2,15.27,14.42,17.89,17.78,19.26,16.76,18.52,8.15,0.43
196702,5.01,3.79,2.26,4.45,2.77,2.71,3.42,3.96,4.15,4.7,0.78,0.36
196703,5.91,5.02,5.38,5.74,4.09,5.46,6.57,6.7,5.99,5.15,3.99,0.39
196704,5.58,4.7,3.42,3.43,3.02,4.12,4.03,4.86,2.86,3.63,3.89,0.32
196705,-1.51,-2.04,-0.75,-0.26,-1.69,-1.35,-0.66,-0.63,-1.31,-0.68,-4.33,0.33
196706,7.8,6.35,6.56,6.28,6.29,8.15,9.68,8.52,7.11,8.71,2.41,0.27
196707,7.18,6.4,6.4,6.23,7.32,7.7,7.31,9.44,10.29,11.38,4.58,0.31
196708,-1.31,-0.56,0.25,-0.38,0.31,1.3,0.71,0.77,1.08,3.37,-0.89,0.31
196709,6.89,5.18,5.43,6.4,5.85,5.75,5.52,7.13,4.64,4.68,3.11,0.32
196710,-0.26,-2.88,-2.43,-3.4,-3.08,-2.49,-2.47,-1.22,-2.03,-3.18,-3.09,0.39
196711,0.46,1.1,0.98,2.24,0.67,-1.08,0.07,-1.44,-0.54,-1.1,0.37,0.36
196712,7.95,7.77,5.88,6.88,7.69,6.63,8.12,8.98,8.24,9.21,3.05,0.33
196801,-2.98,-2.21,-0.15,1.16,0.88,2.47,0.83,4.89,4.99,6.54,-4.06,0.4
196802,-7.45,-5.44,-5.09,-5.19,-5.23,-4.31,-4.27,-5.97,-4.95,-5.52,-3.75,0.39
196803,0.41,-0.32,-1.24,-1.21,-1.66,-1.11,-0.76,-1.63,-0.9,0.11,0.2,0.38
196804,17.18,12.48,13.02,12.16,11.32,12.43,13.19,14.68,14.59,16.66,9.05,0.43
196805,9.94,6.49,6.94,7.35,7.49,6.66,6.45,10.81,10.64,12.2,2.28,0.45
196806,-1.27,0.94,1.5,2.78,2.39,2.88,1.76,3.19,1.46,1.24,0.69,0.43
196807,-5.43,-6.01,-3.73,-3.88,-3.11,-2.57,-1.57,0.17,0.12,0.97,-2.72,0.48
196808,2.03,3.59,3.91,2.9,3.12,4.34,2.32,3.9,4.82,4.9,1.34,0.42
196809,6.64,5.88,6.33,7.86,5.48,6.87,7,6.09,6.84,8.72,4.03,0.43
196810,-1.68,0.62,1.02,0.89,2.34,1.07,1.76,2.05,1.73,0.93,0.42,0.44
196811,7.81,7.11,7.28,7.27,6.42,7.89,7.15,6.85,8.22,5.16,5.43,0.42
196812,0.98,-0.42,-0.28,-0.12,-0.62,0.35,-0.89,-0.5,-0.04,0.6,-3.94,0.43
196901,-2.01,-0.72,-0.85,-0.4,-0.42,-0.62,0.37,-0.24,-0.13,-0.13,-1.25,0.53
196902,-10.64,-8.95,-8.37,-8.35,-7.18,-7.5,-8.2,-6.66,-7.49,-8.38,-5.84,0.46
196903,2.78,2.45,1.56,0.51,1.46,2.77,1.76,2.19,2.71,1.92,2.64,0.46
196904,0.25,2.05,-0.21,-0.08,1.64,0.14,0.77,-0.13,1.76,0.13,1.46,0.53
196905,-0.73,1.31,-0.82,0.63,0.7,1.87,0.67,0.33,0.6,-0.42,-0.1,0.48
196906,-11.96,-11.2,-11.23,-10.58,-9.98,-11.45,-10.13,-10.31,-11.28,-10.58,-7.18,0.51
196907,-10.72,-10.6,-9.95,-10.58,-8.37,-8.08,-8.63,-7.19,-7.71,-8.34,-7,0.53
196908,6.6,7.16,6.16,4.95,5.28,4.14,3.08,3.19,3.67,2.64,4.68,0.5
196909,-1.83,-0.78,-2.89,-2.95,-4.07,-3.15,-2.44,-2.72,-3.49,-2.16,-2.98,0.62
196910,12.11,10.97,10.47,11.17,8.82,9.14,7.06,8.33,6.48,6.53,5.06,0.6
196911,-5.46,-6.32,-5.62,-6.32,-4.3,-5.36,-4.93,-6.53,-5.87,-6.15,-3.79,0.52
196912,-6.15,-7.53,-6.8,-6.63,-5.31,-5.48,-6.42,-6.13,-6.39,-8.18,-2.63,0.64
197001,-5.83,-5.09,-4.15,-3.97,-4.3,-4.63,-3.81,-3.51,-3.08,0.03,-8.1,0.6
197002,2.67,3.63,4.02,4.23,4.27,5.16,5.73,6.21,6.68,5.02,5.13,0.62
197003,-5.56,-5.11,-2.01,-3.18,-0.08,-0.45,1.41,-0.34,0.5,-0.68,-1.06,0.57
197004,-22.44,-18.68,-16,-17.42,-14.14,-13.63,-11.86,-10.61,-11.14,-11.22,-11,0.5
197005,-8.96,-10.01,-9.48,-9.21,-8.96,-8.94,-7.4,-7.11,-7.96,-9.95,-6.92,0.53
197006,-10.63,-9.24,-7.43,-8.19,-6.11,-6.99,-4.8,-7,-7.3,-7.01,-5.79,0.58
197007,4.58,7.43,5.46,5.39,7.28,5.91,7.56,6.3,6.19,4.3,6.93,0.52
197008,7.15,5.31,7.01,7.32,6.11,5.95,5.65,7.49,5.75,6.32,4.49,0.53
197009,18.5,15.71,15.93,11.19,10.52,12.29,7.47,9.29,11.28,11.87,4.18,0.54
197010,-6.72,-6.52,-6.42,-5.81,-7.52,-7.19,-4,-5.82,-5.05,-5.5,-2.28,0.46
197011,-0.19,0.93,-1.03,0.85,1.06,1.03,2.21,2.5,-0.04,0.19,4.6,0.46
197012,6.45,7.26,6.65,8.74,9.59,8.8,9.9,10.37,9.31,9.07,5.72,0.42
197101,9.56,12.08,14.18,13,13.61,13.33,13.38,13.51,15.47,16.29,4.84,0.38
197102,5.55,6.01,4.5,4.21,4.87,3.61,2.76,3.45,4.36,4.66,1.41,0.33
197103,8.46,5.91,7.01,5.28,5.45,5.61,4.44,4.67,4.69,5.42,4.13,0.3
197104,2.9,2.55,3.33,1.98,1.99,2.91,3.47,1.57,2.68,4.42,3.15,0.28
197105,-3.48,-5.53,-4.34,-5.62,-6.29,-5.36,-4.6,-4.62,-4.88,-6.25,-3.98,0.29
197106,-0.41,-0.6,-1.62,-1.34,-1.59,-0.52,-1.53,-2.91,-2.38,-3.24,-0.1,0.37
197107,-6.53,-5.33,-6.56,-4.59,-5.84,-5.34,-6.18,-5.72,-5.61,-5.71,-4.5,0.4
197108,5.39,3.61,6.06,3.98,2.57,2.94,3.89,4.99,4.68,6.52,3.79,0.47
197109,1.55,0.25,-0.07,-0.63,-1.31,-0.5,-1.07,-1.31,-0.52,-2.71,-0.85,0.37
197110,-5.91,-5.88,-5.99,-6.31,-4.76,-4.39,-4.77,-5.48,-6.31,-6.72,-4.42,0.37
197111,-1.35,-2.78,-2.86,-2.57,-3.02,-2.64,-3.03,-3.64,-4.22,-5.48,-0.46,0.37
197112,12.66,12.7,12.27,12.12,10.72,11.34,11.16,12.25,12.86,12.12,8.71,0.37
197201,7.94,5.88,7.98,9.27,7.25,8.72,8.42,10.75,14.64,16.52,2.49,0.29
197202,5.93,4.71,4.87,3.69,4.4,2.16,3.13,3.38,3.71,5.29,2.87,0.25
197203,1.56,0.94,1,-0.01,-1.05,0.34,-0.66,-0.72,-1.13,0.33,0.63,0.27
197204,0.26,-0.59,-0.33,-0.19,-0.82,0.47,0.74,1.08,1,0.87,0.29,0.29
197205,0.82,-1.48,-2.04,-2.1,-2.09,-2.34,-1.62,-2.36,-3.07,-2.53,1.25,0.3
197206,-2.86,-3.15,-3.54,-3.26,-3.21,-3.28,-3.27,-3.54,-4.06,-4.64,-2.43,0.29
197207,-3.96,-3.09,-3.91,-3.46,-3.17,-2.42,-2.52,-2.08,-1.99,-2.93,-0.8,0.31
197208,-0.73,0.68,0.42,0.48,2.15,2.32,2.91,1.55,3.05,1.89,3.26,0.29
197209,-1.61,-3.84,-3.96,-3.41,-2.92,-3.05,-3.07,-3.02,-3.4,-3.39,-1.14,0.34
197210,-2.3,-1.34,-1.79,-1.65,-0.83,0.24,0.64,-2.19,-1.67,-2.03,0.52,0.4
197211,3.27,4.22,4.74,5.46,5.3,5.83,6.19,5.92,5.66,6.05,4.6,0.37
197212,0.64,-0.52,-2.03,-2.57,-2.59,-1.97,-2.58,-2.61,-2.61,-3.33,0.62,0.37
197301,-7.44,-6.65,-6.23,-5.24,-5.03,-3.63,-2.67,-2.79,-1.2,-1.32,-3.29,0.44
197302,-9.67,-9.66,-7.91,-8.01,-8.43,-6.1,-5.45,-6.87,-5.54,-5.95,-4.85,0.41
197303,-5.32,-3.6,-3.59,-4.09,-3.34,-0.6,-1.58,-2,-2.05,-0.04,-1.3,0.46
197304,-12.2,-9.98,-9.22,-7.5,-6.3,-5.21,-5.53,-5.46,-4.63,-5.23,-5.68,0.52
197305,-7.69,-8.62,-10.33,-8.78,-7.31,-7.5,-7.06,-6.18,-8.98,-8.82,-2.94,0.51
197306,-4.16,-6.03,-4.21,-2.52,-4.32,-3.56,-1.66,-2.88,-2.43,-1.42,-1.57,0.51
197307,17.83,16.62,14.59,12.62,11.95,8.26,10.05,9.76,9.74,9.77,5.05,0.64
197308,-3.01,-4.46,-4.85,-5.89,-4.94,-4.33,-4.71,-4.46,-4.78,-3.22,-3.82,0.7
197309,10.15,10.83,10.05,10.08,8.73,8.9,7.89,7.02,6.99,6.31,4.75,0.68
197310,-2.89,-2.31,-0.51,0.7,0.69,1.04,0.09,0.87,0.42,2.12,-0.83,0.65
197311,-22.57,-20.87,-19.65,-19.89,-17.74,-16.58,-15.46,-15.5,-17.7,-16.76,-12.75,0.56
197312,-2.32,-2.63,-3.56,-4.14,-2.71,-1.14,-3.78,-2.9,-4.81,-5.02,0.61,0.64
197401,6.62,8.78,12.76,13.91,13.69,12.73,14.27,13.78,18.36,21.48,-0.17,0.63
197402,-1.15,-0.69,-0.01,1.17,0.7,1.65,1.43,1.03,2.57,1.76,-0.47,0.58
197403,-0.78,1.28,0.14,0.18,0.24,-0.13,-0.12,0.95,1.8,3.24,-2.81,0.56
197404,-5.65,-6.41,-6.67,-6.45,-5.34,-6.01,-5.47,-4.55,-3.23,-3.47,-5.29,0.75
197405,-6.15,-7.87,-7.9,-6.77,-7.02,-6.8,-7.62,-6.47,-6.54,-5.88,-4.68,0.75
197406,-3.79,-2.69,-3.49,-3.09,-2.9,-2.57,-3.73,-2.18,-2.53,-0.7,-2.83,0.6
197407,-10.13,-6.69,-5.02,-4.17,-4.1,-3.5,-4.01,-3.78,-3.9,-3.07,-8.05,0.7
197408,-9.67,-10.41,-9.6,-8.21,-8.12,-7.37,-7.27,-7.22,-7.35,-6.69,-9.35,0.6
197409,-14.62,-10.46,-8.74,-7.05,-6.24,-7.03,-6.63,-6.56,-7.14,-8.14,-11.77,0.81
197410,22.29,16.28,11.49,8.23,7.82,7.25,9.04,6.62,7.73,8.3,16.1,0.51
197411,-5.53,-4.39,-4.76,-4.38,-4.73,-3.88,-4.22,-5.59,-5.98,-7.01,-4.51,0.54
197412,-6.25,-7.15,-6.76,-5.35,-6.89,-6.1,-6.45,-8.13,-9.03,-11.42,-3.45,0.7
197501,23.38,25.21,27.26,29.51,29.88,29.25,29.9,31.89,33.24,40.73,13.66,0.58
197502,10.45,6.21,5.96,3.98,2.82,3.86,3.55,4.45,3.58,6.67,5.56,0.43
197503,7.88,8.13,9.53,8.58,8.4,8.12,7.75,9.08,10.61,11.97,2.66,0.41
197504,7.69,5.33,6.29,3.2,3.1,3.81,2.82,2.97,2.86,1.82,4.23,0.44
197505,9.02,9.28,9.33,7.56,7.02,6.82,8.48,6.91,7.57,6.97,5.19,0.44
197506,6.45,7.3,7.35,8.32,8.01,8.04,7.66,9.84,8.38,8.45,4.83,0.41
197507,-5.43,-2.65,-2.35,-1.74,-1.55,-1.47,-0.67,0.68,-0.03,1.69,-6.59,0.48
197508,-5.13,-3.97,-5.56,-3.78,-4.22,-4.02,-3.63,-5.42,-5.7,-7.15,-2.85,0.48
197509,-4.24,-5.55,-3.53,-2.74,-3.06,-3.36,-3.14,-2.91,-2.99,-4.46,-4.26,0.53
197510,2.93,2.97,2.02,3.72,3.38,2.31,3.13,1.75,1.65,-0.51,5.31,0.56
197511,1.24,1.61,2.77,1.69,3.08,1.49,2.21,2.74,2.34,2.96,2.64,0.41
197512,-1.65,-1.05,-0.34,-0.23,-0.57,0.19,-0.6,-0.3,-0.36,-0.47,-1.6,0.48
197601,13.58,13.84,15.03,18.08,19.29,20.15,19.62,23.45,24.13,27.23,12.16,0.47
197602,3.71,5.99,7.03,6.69,9.17,8.88,10.3,14.58,15.81,23.9,0.32,0.34
197603,3.04,1.08,1.03,2.65,1.99,2.18,2.31,1.8,2.6,2.25,2.32,0.4
197604,-1.28,-0.39,-0.85,-0.93,-1.71,-1.48,-0.25,-0.81,-0.48,-1.62,-1.49,0.42
197605,-1.65,-0.69,-0.94,-2.41,-1.19,-1.36,-2.26,-2.3,-3.61,-4.6,-1.34,0.37
197606,2.79,4.28,3.72,3.23,3.17,4.58,3.27,3.62,2.12,1.66,4.05,0.43
197607,-1.07,-0.97,-0.64,-0.63,0.21,1.37,0.64,0.13,1.29,0.33,-1.07,0.47
197608,-3.62,-3.51,-1.44,-1.14,-0.23,-1.56,-1.1,-1.45,-1.1,-2.56,-0.56,0.42
197609,1.04,2.79,2.44,1.76,2.33,0.83,2.28,2.24,1.01,0.67,2.07,0.44
197610,-3.12,-2.22,-1.97,-1.89,-2.11,-2.04,-2.08,-2.44,-1.99,-2.96,-2.42,0.41
197611,2.47,3.51,2.07,3.37,1.98,2.21,2.91,2.94,2.78,1.64,0.36,0.4
197612,8.56,10.42,9.27,9.45,8.87,9.82,10.04,11.39,10.09,11.88,5.65,0.4
197701,-1.77,1.38,2.57,2.61,2.21,1.74,4.3,3.72,4.78,7.36,-4.05,0.36
197702,-0.95,-0.95,-0.75,-0.87,-1.12,-0.05,-0.65,0.62,1.31,0.98,-1.94,0.35
197703,-0.23,1.53,0.29,0.05,1.17,1.01,0.92,1.12,1.73,1.09,-1.37,0.38
197704,0.68,1.17,0.76,1.26,1.95,0.87,2.19,3.36,2.28,2.06,0.15,0.38
197705,-1.85,0.49,-0.58,-0.36,0.65,-0.23,0.3,0.71,1.1,1.09,-1.45,0.37
197706,6.02,6.56,4.99,5.97,5.68,6.39,4.2,5.71,5.74,5.95,4.71,0.4
197707,0.75,0.18,-0.3,0.22,0.86,0.24,0.78,0.43,1.33,2.62,-1.69,0.42
197708,0.35,0.48,-0.72,-1.07,-0.53,-1.03,-0.72,-1.13,-0.91,-1.53,-1.75,0.44
197709,0.67,2.22,1.32,0.72,1.26,2.15,0.62,0.83,1.02,1.27,-0.27,0.43
197710,-3.71,-4.28,-2.44,-2.65,-2.85,-2.58,-1.54,-1.69,-2.13,-1.71,-4.38,0.49
197711,7.66,8.04,7.08,7.48,7.03,7.08,6.31,6.58,8.86,7.22,4,0.5
197712,2.41,2.13,1.81,1.6,1.43,2.59,1.74,2.2,1.79,2.27,0.27,0.49
197801,-3.07,-3.3,-3.82,-4.2,-2.07,-2.16,-1.24,-0.03,0.13,1.59,-6.01,0.49
197802,0.98,1.83,1.15,2.32,2.05,2.64,2.31,3.03,2.97,3.8,-1.38,0.46
197803,6.15,6.6,6.31,7.32,6.63,6.18,6.55,6.16,7.27,8.23,2.85,0.53
197804,9.92,10.11,8.59,7.91,8.23,6.36,7.73,6.9,8.38,8.53,7.88,0.54
197805,7.27,6.3,5.74,6.28,6.71,7.28,6.05,7.22,7.18,9.04,1.76,0.51
197806,-0.05,-0.53,0.11,0.63,0.41,1.17,1.32,0.2,0.72,2.21,-1.69,0.54
197807,5.88,7.39,6.4,4.92,5.43,5.69,4.13,4.98,5.16,4.57,5.11,0.56
197808,9.81,8.96,7.91,9.81,9.17,8.64,8.5,7.77,9.94,11.33,3.75,0.56
197809,-0.69,-0.89,-0.69,0.18,-0.56,-0.91,1.07,-0.13,1.01,2.46,-1.43,0.62
197810,-22.34,-20.15,-19.54,-17.73,-17.03,-17.93,-16.46,-15.96,-18.23,-20.13,-11.91,0.68
197811,7.45,5.71,5.35,4.93,4.17,5.54,3.45,3.46,3.58,3.1,2.71,0.7
197812,2.76,1.87,1.87,2.48,1.58,1.57,1.35,1.49,1.11,-1.06,0.88,0.78
197901,8.8,8.93,9.19,8.28,7.79,9.06,9.88,9.09,9.79,13.62,4.23,0.77
197902,-2.96,-3,-3.83,-2.52,-1.56,-2.35,-2.42,-2.26,-1.45,-0.99,-3.56,0.73
197903,11.5,9.39,9.62,6.73,8.71,7.77,7.82,7.13,7.65,8.02,5.68,0.81
197904,1.91,2.44,2.01,2.44,1.7,2.08,3.38,2.87,2.74,3.83,-0.06,0.8
197905,-1.83,-2.16,-1.83,-1.03,-1.61,0.12,0.4,-0.63,-0.36,-0.5,-2.21,0.82
197906,6.73,5.77,5.96,5.14,5.62,5.06,5.46,4.65,4.49,5.14,3.85,0.81
197907,1.68,2.17,2.31,2.62,2.85,3.22,2.91,2.27,2.69,2.52,0.82,0.77
197908,9.47,8.63,8.29,8.06,6.4,6.35,7.01,6.44,7.16,7.26,5.53,0.77
197909,0.03,0.51,-0.5,0.18,-1.14,-0.37,-0.6,-0.49,-0.48,-0.47,-0.82,0.83
197910,-9.72,-8.88,-9.98,-9.21,-10.05,-9.67,-9.14,-9.51,-9.54,-9.82,-8.1,0.87
197911,9.74,9.03,8.59,6.6,6.18,5.61,6.11,5.04,5.28,3.87,5.21,0.99
197912,10.02,8.52,6.79,6.11,4.68,4.38,5.83,4.18,5.67,5.42,1.79,0.95
198001,11.25,11.16,9.38,8.37,8.84,7.69,10.04,5.7,10.4,12.09,5.51,0.8
198002,0.81,-1.5,-0.84,-2.06,-1.41,-2.88,-1.62,-2.37,-1.21,-1.14,-1.22,0.89
198003,-19.17,-17.17,-16.15,-15.41,-15.06,-14.61,-13.77,-13.4,-14.95,-16.36,-12.9,1.21
198004,5.14,5.93,4.71,5.69,5.93,6.82,5.64,6.19,5.46,2.83,3.97,1.26
198005,7.17,7.79,7.31,7.4,7.89,7.69,7.08,6.57,7.89,6.69,5.26,0.81
198006,4.04,5.4,4.58,4.09,3.8,3.31,4.22,4.44,4.47,3.34,3.06,0.61
198007,11.84,12.83,12.68,9.7,8.75,9.35,7.36,6.44,6.9,7.97,6.49,0.53
198008,9.69,8.18,7.6,7.75,5.36,4.9,5.55,5.08,4.47,5.94,1.8,0.64
198009,7.12,6.18,3.97,5.29,4.58,2.91,3.04,1.62,3.73,4.2,2.19,0.75
198010,7.13,4.26,5.46,2.55,2.91,2.59,2.29,3.27,1.7,2.76,1.06,0.95
198011,14.78,11.05,7.47,7.51,5.85,4.45,1.97,2.28,1.7,2.17,9.59,0.96
198012,-5.27,-3.28,-3.96,-3.65,-2.97,-1.76,-1.48,-1.37,-1.82,-3.01,-4.52,1.31
198101,-3.96,-1.1,-0.48,-0.4,1.47,1.74,1.29,2.23,3.64,3.88,-5.04,1.04
198102,-1.97,0.56,1.76,0.73,2.18,1.61,1.93,1.56,1.49,2.31,0.57,1.07
198103,7.32,7.09,7.02,9.41,7.89,7.88,9.2,8.58,6.91,8.42,3.56,1.21
198104,1.94,1.36,3.54,4.15,2.43,3.33,2.95,2.58,5.14,4.24,-2.11,1.08
198105,3.62,3.19,2.8,3.3,4.12,3.2,1.6,2.3,2.11,3.74,0.11,1.15
198106,-6.34,-1.81,-1.2,1.1,0.36,1.77,2.78,1.82,2.13,1.69,-2.36,1.35
198107,-3,-2.11,-2.45,-2.54,-2.85,-1.47,-3.13,-0.86,-1.01,-1.95,-1.54,1.24
198108,-11.2,-8.97,-9.3,-6.14,-6.19,-6.28,-5.73,-4.88,-4.16,-5.14,-7.04,1.28
198109,-12.81,-8.94,-7.72,-7.99,-7.68,-6.4,-6.21,-5.41,-5.45,-6.58,-7.17,1.24
198110,10.24,11.06,7.93,5.87,7.74,6.1,6.11,6.02,4.85,3.28,4.92,1.21
198111,-2.33,2.97,2.57,4.24,3.47,3.4,3.9,3.5,4.07,1.68,3.36,1.07
198112,-4.53,-0.87,-1.77,-1.31,-1.26,-1.47,-0.98,-2,-0.66,-1.8,-3.65,0.87
198201,-3.55,-3.17,-1.39,-2.55,-1.63,-1.87,-1.79,-1.08,0.28,0.18,-3.24,0.8
198202,-9.06,-5.16,-4.31,-3.74,-2.27,-2.97,-2.93,-1.74,0.49,-0.71,-5.86,0.92
198203,-3.35,-1.38,0.09,-1.04,-1.49,0.87,-0.58,0.74,1.59,0.19,-1.87,0.98
198204,6.01,6.57,5.49,6.04,5.29,4.6,4.73,4.79,3.91,5.29,3.27,1.13
198205,-3.94,-2.43,-2.04,-2.54,-1.82,-2.26,-1.9,-1.38,-1.86,-0.72,-3.99,1.06
198206,-7.19,-2.52,-2.34,-2.09,-1.31,-2.7,-1.66,-0.07,-1.93,-0.89,-3.09,0.96
198207,-3.62,-1.22,-2.13,-1.43,-1.21,-0.98,-1.29,-1.32,-0.9,0.08,-3.19,1.05
198208,5.82,6,8.5,7.54,7.15,8.47,5.95,6.94,7.07,4.61,11.14,0.76
198209,1.45,1.63,1.32,3.42,5.78,5.2,3.31,4.29,4.59,4.4,1.29,0.51
198210,16,15.85,12.94,12.05,11.78,12.32,12.96,11.2,11.6,11.65,11.3,0.59
198211,8.33,8.91,8.91,8.92,8.69,10.18,9.71,9.1,10.35,11.55,4.67,0.63
198212,2.05,2.37,1.63,3.44,3.06,2.2,2.01,0.59,2.07,3.73,0.55,0.67
198301,16.26,13.06,8.55,9.28,6.64,7.9,9.51,6.51,6.23,10.02,3.6,0.69
198302,2.94,4.3,4.49,5.49,6.64,7.82,5.82,6.34,6.25,9.59,2.59,0.62
198303,2.59,4.36,4.49,6.07,6.54,6.08,6.74,4.81,7.22,6.66,2.82,0.63
198304,7.86,6.09,7.32,7.54,8.9,9.42,8.1,6.54,7.3,8.73,6.67,0.71
198305,12.65,9.84,9.07,8.02,7.76,6.4,6.99,6.98,7.56,9.13,0.52,0.69
198306,5.09,6.35,5.64,7.11,5.23,3.77,2.52,2.59,1.99,6.39,3.07,0.67
198307,-5.78,-4.33,-3.16,-2.12,-1.34,0.46,1.16,1.32,0.44,1.48,-4.07,0.74
198308,-5.93,-3.99,-3.6,-2.96,-3.59,-1.57,-2.55,-1.94,-0.59,-1.21,-0.5,0.76
198309,-2.3,0.78,0.72,0.68,1.59,0.86,2.07,2.71,1.93,0.82,0.91,0.76
198310,-10.16,-7.92,-5.69,-5.54,-5.01,-4.4,-2.35,-3.03,-0.79,-3.36,-3.44,0.76
198311,3.5,4.63,2.64,2.55,3.75,3.16,2.7,3.5,3.27,2.86,2.16,0.7
198312,-5.25,-2.77,-1.75,-1.84,-1.52,-1.21,-1.07,0.12,0.47,-0.12,-1.78,0.73
198401,-2.44,-2.49,-1.06,1.31,0.27,1.22,1.83,1.76,2.65,4.1,-1.92,0.76
198402,-7.53,-5.86,-7.44,-6.32,-4.29,-5.57,-4.07,-3.03,-3.3,-4.26,-4.82,0.71
198403,-1.13,-0.51,0.83,1.99,1.32,1.14,1.5,2.36,2.07,2.7,0.63,0.73
198404,-3.77,-1.15,-1.54,-1.66,-1.13,-0.67,-1.04,-1.24,-0.48,-1.73,-0.51,0.81
198405,-6.57,-5.13,-4.91,-3.33,-4.84,-5.61,-2.74,-3.91,-4.95,-2.3,-5.97,0.78
198406,2.08,2.52,3.51,2.1,1.68,1.44,1.77,1.26,1.22,0.5,1.82,0.75
198407,-6.92,-5.73,-4.52,-4.77,-5.18,-3.29,-2.41,-3.67,-1.05,-2.93,-2.74,0.82
198408,10.81,11.26,9.93,10.62,9.05,9.06,7.8,8.22,9.03,7.61,10.28,0.83
198409,-3.38,-1.25,-0.55,-0.38,-0.77,1.97,2.48,1.31,2.15,2.38,-0.8,0.86
198410,-3.64,-3.32,-2.55,-1.87,-2.64,0,-1.78,-1.2,-0.88,-0.71,-0.84,1
198411,-6.8,-3.41,-3.87,-3.26,-1.89,-1.61,-1.74,-1.57,-0.85,-1.55,-1.76,0.73
198412,0.01,1.25,0.95,0.12,0.34,0.94,0.72,0.87,1.49,1.12,1.84,0.64
198501,16.2,13.22,15.22,12.68,12.18,10.18,11.21,9.4,7.61,8.89,7.99,0.65
198502,5.24,5.86,4.85,5.11,3.23,4.69,4.88,3.47,1.89,4.72,1.22,0.58
198503,-2.15,-3.64,-1.23,-2.78,-2.82,0.37,-0.46,-0.14,1.2,1.15,-0.84,0.62
198504,-3.16,-1.4,-2.4,-1.81,-0.93,-1.12,0.64,0.96,0.11,0.16,-0.96,0.72
198505,2.01,2.21,4.72,4.22,2.57,3.04,2.78,2.56,2.35,2.04,5.09,0.66
198506,-0.8,0.73,0.23,0.04,0.42,1.2,1.47,0.27,1.31,1.27,1.27,0.55
198507,1.02,2.58,2.28,2.25,2.33,2.18,0.3,0.58,0.02,3.56,-0.74,0.62
198508,-1.69,-1.46,-1.07,0.15,-0.31,-0.24,-0.2,-0.64,-0.36,-0.16,-1.02,0.55
198509,-8.1,-7.09,-5.47,-4.77,-4.55,-4.8,-4.93,-4.59,-4.28,-4.98,-4.54,0.6
198510,0.88,2.33,2.62,1.27,2.94,3.26,3.39,3.38,2.83,-0.38,4.02,0.65
198511,5.25,5.76,5.69,6.59,5.07,6.15,5.11,4.76,4.66,5.54,6.48,0.61
198512,2.93,2.73,3.76,4.66,4.33,3.05,2.91,3.06,3.07,0.95,3.88,0.65
198601,4,4.61,3.17,4.3,3.23,2.79,1.49,3.32,3.49,5.77,0.65,0.56
198602,5.59,7.58,6.32,6.03,6.42,6.96,6.52,7.17,6.18,5.34,7.13,0.53
198603,4.15,4.12,5.36,5.04,5.2,5.74,4.52,4.34,6.48,5.91,4.88,0.6
198604,1.49,1.36,2.38,1.87,0.47,0.29,0.61,1.61,0.71,0.3,-1.31,0.52
198605,3.08,3.36,2.99,4.5,4.5,4.27,5.15,4.1,2.22,3.89,4.62,0.49
198606,0.36,0.63,-0.03,-1.11,-0.02,0.5,0.88,2.61,2.31,1.42,1.03,0.52
198607,-9.81,-9.25,-9.2,-6.97,-7.1,-7.98,-6.69,-4.45,-4.17,-8.17,-6.45,0.52
198608,0.11,2.1,1.9,1.81,2.05,4.2,4.25,2.76,3.91,3.47,6.07,0.46
198609,-8.73,-7.92,-8.81,-5.77,-5.64,-4.39,-4.28,-3.49,-5.15,-2.88,-8.6,0.45
198610,2.38,6.35,3.95,2.41,3.14,2.13,4.64,1.88,2.15,1.17,4.66,0.46
198611,-1.8,-1.17,1.29,-0.45,-0.03,-0.13,0.56,0.25,0.03,-1.05,1.17,0.39
198612,-5.72,-3.06,-3.26,-2.65,-3.51,-3.13,-2.12,-3.44,-2.7,-2.23,-3.27,0.49
198701,12.5,11.77,11.77,11.85,11.44,10.78,11.52,10.37,11.32,11.85,12.47,0.42
198702,10.4,9.73,8.18,8.97,7.07,5.83,5.9,5.67,6.71,5.68,4.39,0.43
198703,2.55,2.46,3.23,5.1,2.89,2.32,2.53,3.88,3.42,6.18,1.64,0.47
198704,-2.91,-3.3,-1.12,-2.94,-2.48,-1.77,0.21,-2.28,-1.36,0.2,-2.11,0.44
198705,0.03,0.38,-0.89,-0.34,-0.03,-0.17,0.09,0.09,0.16,5,0.11,0.38
198706,1.7,3.05,2.77,3.7,3.35,3.22,4.33,2.82,4.32,2.96,3.94,0.48
198707,1.87,3.26,3.06,2.63,3.12,3.72,4.26,4.06,5.2,7.88,3.85,0.46
198708,0.79,2.31,0.94,2.99,2.67,2.13,2.57,2.98,1.64,1.38,3.52,0.47
198709,-3.04,-1.7,-0.68,-1.66,-0.33,-1.16,-0.82,0.22,-0.97,-1.34,-2.59,0.45
198710,-32.56,-29.8,-30.02,-29.07,-28.48,-26.2,-25.21,-23.84,-26.75,-25.56,-23.24,0.6
198711,-7.9,-7.16,-5.13,-5.4,-5.97,-4.72,-4.22,-4.4,-2.96,-4.96,-7.77,0.35
198712,3.02,5.98,5.39,5.74,5.8,3.17,2.76,3.74,2.76,1.45,6.81,0.39
198801,8.23,7.09,8.3,7.45,5.99,7.85,5.95,7.74,6.52,9.24,4.21,0.29
198802,6.35,7.04,8.09,8.92,7.55,6.44,6.99,7.17,7.16,5.37,4.75,0.46
198803,3.19,3.55,2.95,4.4,3.76,4.44,4.46,1.93,4.13,4.42,-2.27,0.44
198804,0.37,1.17,1.65,0.87,2.7,2.53,0.1,1.41,1.74,3.49,0.56,0.46
198805,-3.7,-1.8,-2.49,-1.42,-1.8,-1.02,-0.42,-0.52,1.32,-0.59,-0.29,0.51
198806,5.15,5.54,6.14,7.64,6.33,5.69,5.58,4.82,4.47,4.63,4.79,0.49
198807,-0.46,-1.41,-0.5,-0.7,-0.42,-0.29,1.91,0.16,0.15,-0.07,-1.25,0.51
198808,-3.44,-3.95,-2.46,-2.86,-1.57,-2.33,-0.9,-1.09,-0.5,-1.67,-3.31,0.59
198809,2.38,2.33,2.44,2.48,2.06,2.79,2.98,1.42,3.54,1.7,3.3,0.62
198810,-3.3,-2.6,-0.48,-1.72,-0.16,-0.45,-0.67,-1.2,-0.23,-1.15,1.15,0.61
198811,-6.01,-3.49,-4.59,-3.73,-3.15,-3.4,-3.62,-3.17,-3.08,-3.63,-2.29,0.57
198812,1.55,2.92,3.49,3.02,3.24,2.01,5.7,2.9,2.81,0.66,1.49,0.63
198901,5.91,6.37,8.36,6.86,4.13,6.93,4.94,4.89,5.99,8.98,6.1,0.55
198902,-0.41,1.21,1.44,1.06,0.64,1.15,0.62,0.7,0.49,0.26,-2.25,0.61
198903,0.78,0.48,1.3,3.35,3.57,2.62,2.09,2.59,2.35,2.74,1.57,0.67
198904,2.76,3.74,4.67,4.33,3.5,4.06,3.05,3.33,3.15,3.83,4.33,0.67
198905,3.06,2.36,3.75,3.66,3.5,2.82,1.93,4.19,4.24,4.47,3.35,0.79
198906,-3.42,-2.4,-2.17,-1.3,-1.68,-1.68,0.84,0.97,0.16,0.42,-1.35,0.71
198907,2.62,3.48,4.89,5.04,3.25,3.33,3.42,3.08,1.49,1.56,7.2,0.7
198908,1.57,2.56,0.46,2.17,2.44,2.2,2.46,1.77,0.81,2.21,1.44,0.74
198909,1.25,0.84,0.05,-1.02,-0.16,-0.81,-0.05,1.49,0.03,-0.46,-0.76,0.65
198910,-3.33,-4.13,-6.02,-5.67,-5.83,-4.88,-4.78,-4.62,-4.3,-6.24,-3.67,0.68
198911,-1.48,-0.48,0.58,-0.69,0.49,-0.73,-0.42,-0.55,-1.58,-3.51,1.03,0.69
198912,-2.23,-0.06,-0.38,-0.7,-0.23,-0.95,-1.11,0.65,-0.87,-2.81,1.16,0.61
199001,-6.46,-6.8,-7.38,-6.08,-6.05,-4.44,-5.74,-5.72,-4.53,-4.19,-7.85,0.57
199002,2.04,2.12,1.67,2.49,1.56,2.74,2.26,3.07,3.91,0.83,1.11,0.57
199003,4.24,2.78,4.06,2.97,3.7,2.92,2.55,3.58,2.96,0.69,1.83,0.64
199004,-0.73,-2.26,-2.59,-1.89,-1.61,-2.75,-3.47,-2.61,-3.51,-3.57,-3.36,0.69
199005,7.98,7.99,6.01,6.88,6.72,4.08,5.54,4.5,3.33,1.65,8.42,0.68
199006,0.64,3.11,1.44,1.26,1.76,0.17,-0.9,-0.23,-0.72,-0.05,-1.09,0.63
199007,-3.81,-2.45,-3.99,-3.18,-4.23,-3.49,-1.83,-2.75,-3.07,-2.05,-1.9,0.68
199008,-14.46,-14,-14.19,-12.07,-11.67,-10.89,-10.27,-9.68,-10.5,-9.55,-10.15,0.66
199009,-9.53,-8.6,-8.14,-7.72,-8.35,-7.29,-7.51,-7.56,-6.88,-6.79,-6.12,0.6
199010,-6.75,-5.02,-5.14,-5.23,-4.74,-5.83,-5.38,-3.7,-6.23,-6.77,-1.92,0.68
199011,4.76,7.08,7.23,4.66,6.03,6.47,4.1,4.36,3.33,-0.04,6.35,0.57
199012,0.33,1,2.02,1.45,0.41,1.76,2.41,0.46,0.55,-2.74,2.46,0.6
199101,8.51,9.85,7.71,8.57,10.25,8.24,9.56,8.19,9.03,13.66,4.69,0.52
199102,16.6,12.02,11.77,11.87,13.46,11.67,10.65,12.5,13.13,13.1,7.19,0.48
199103,9.48,7.43,6.59,9.79,6.76,6.02,6.17,7.91,7.87,9.58,2.65,0.44
199104,4.9,0.35,2.4,2.77,4.45,3.29,2.52,2.1,0.5,4.47,-0.28,0.53
199105,2.04,3.79,3.38,2.96,5.88,3.92,3.54,1.47,3.54,2.63,3.65,0.47
199106,-4.82,-5.12,-2.79,-4.49,-2.99,-2.98,-3.41,-2.53,-2.95,-3.62,-4.94,0.42
199107,2.88,5.39,3.5,4.93,3.22,2.14,2.19,4.07,2.78,4.43,4.24,0.49
199108,3.91,2.57,2.47,2.91,3.42,4.12,4.61,2.98,3.28,3.02,2.32,0.46
199109,2.36,0.2,3.24,-0.16,0.71,0.76,0.13,1.03,0.61,-1.36,-1.59,0.46
199110,3.87,3.68,1.26,2.66,2.12,1.82,3.4,0.81,3.8,0.78,1.29,0.42
199111,-1,-3.24,-2.7,-3,-3.65,-2,-3.23,-3.55,-2.47,-2.78,-4.19,0.39
199112,5.56,7.28,4.91,4.75,5.27,4.26,3.29,4.34,5.05,1.11,10.84,0.38
199201,17.01,12.43,13.07,11.99,9.68,7.42,14.27,15.08,13.81,29.94,-0.59,0.34
199202,2.32,3.95,7.01,3.47,4.36,3.2,5.26,5.02,6.67,11.12,1.09,0.28
199203,-5.19,-2.13,-1.71,-2.73,0.81,-1.18,0.23,0.67,1.53,0.68,-2.66,0.34
199204,-7.91,-4.21,-3.21,-2.57,-4.01,-3.2,-2.65,-1.65,-1.95,-1.94,1.07,0.32
199205,-1.3,-0.36,-0.15,0.61,-0.66,3.16,-0.22,0.38,0.92,2.66,0.3,0.28
199206,-6.94,-6.46,-5.52,-3.87,-4.69,-2.94,-2.64,-3.37,-4.12,-2.58,-2.34,0.32
199207,1.16,2.43,1.88,2.46,1.88,2.23,3.56,3.21,3.03,2.38,3.77,0.31
199208,-4.65,-2.23,-2.06,-3.34,-2.44,-0.99,-1.06,-1.72,-3.04,-2.9,-2.38,0.26
199209,0.11,2.33,2.69,2.41,1.29,2.95,0.94,1.35,0.95,1.17,1.19,0.26
199210,2.62,3.21,2.67,2.81,2.41,0.18,1.65,0.78,2.24,2.09,1.02,0.23
199211,8.83,8.7,7.57,7.47,6.55,6.34,6.63,6.07,7.17,8.09,4.13,0.23
199212,2.08,1.78,2.97,4.73,2.42,3.86,4.11,4.84,4.99,6.32,1.53,0.28
199301,4.44,3.39,5.97,5.92,7.05,4.75,5.74,4.84,6.55,11.5,0.93,0.23
199302,-6.21,-4.57,-3.76,-1.57,-0.07,2.54,1.94,2.04,0.34,1.71,0.12,0.22
199303,1.2,1.53,3.13,2.62,2.34,2.95,3.31,2.01,2.77,5.15,2.3,0.25
199304,-3.9,-2.89,-3.95,-2.75,-1.1,-1.46,-1.52,-2.28,-0.96,0.36,-3.05,0.24
199305,6.13,5.42,3.64,6.13,3.26,2.81,2.98,2.74,4.57,4.81,2.89,0.22
199306,0.95,-0.25,0.4,0.28,3.25,0.69,1.19,1.82,2.04,2.24,0.31,0.25
199307,-1.42,0.07,-0.21,0.01,1.41,1.41,2.08,1.25,4.01,2.09,-0.34,0.24
199308,4.81,3.99,4.66,5.69,3.49,4.56,4.24,4.39,2.96,2.23,3.71,0.25
199309,2.37,2.73,2.07,2.29,3.48,2.06,2.39,2.97,3.16,3.06,-0.12,0.26
199310,4.39,4.02,4.18,2.62,3.3,3.18,3.71,3.19,4.54,4.46,1.41,0.22
199311,-3.66,-2.31,-2.18,-1.95,-2.71,-1.87,-2.89,-2.2,-1.67,-1.09,-1.89,0.25
199312,0.05,1.59,1.28,2.26,3.56,2.19,1.76,1.06,0.05,1.69,1.65,0.23
199401,3.65,3.77,4.55,4.94,4.54,4.7,4.25,3.8,6.28,8.45,2.87,0.25
199402,-1.97,-1.89,-0.55,1.77,0,-0.47,-0.72,-0.11,-1.03,1.32,-2.55,0.21
199403,-7.35,-5.62,-3.91,-4.87,-3.9,-4.58,-2.39,-4.79,-2.29,-3.08,-4.78,0.27
199404,-4.44,-1.96,-1.28,-0.44,-0.18,-0.88,-0.41,-0.16,0.71,0.07,0.68,0.27
199405,-1.69,-1.33,-0.92,-0.36,-0.19,1.82,0.16,0,-0.01,1.14,0.58,0.31
199406,-6.27,-4.24,-4.07,-2.93,-2.27,-1.66,-2.58,-1.96,-1.8,-1.7,-3.03,0.31
199407,1.95,0.9,0.23,0.32,0.57,1.08,2.45,2.17,1.43,1.88,2.82,0.28
199408,4.52,5.04,4.04,4.52,4.72,4.08,1.88,3.86,3.27,3.34,4.01,0.37
199409,1.23,-0.17,0.47,0.6,-0.86,0.05,1.06,1.17,0.91,1.81,-2.31,0.37
199410,-0.74,0.82,0.2,0.69,0.56,-0.3,-0.18,1.02,0.08,-0.07,1.34,0.38
199411,-5.14,-4.31,-4.8,-3.78,-4.09,-3.92,-4.34,-3.24,-3.2,-3.84,-4.04,0.37
199412,-3.64,-2.03,-1.45,-1.33,-0.61,-0.83,0.4,0.39,-1.07,-1.15,0.86,0.44
199501,1.98,3.38,3.57,1.68,3.34,3.74,3.01,4.76,5.07,3.52,1.8,0.42
199502,3.29,2.52,3.53,3.39,2.75,3.4,2.24,2.55,3.22,4.31,3.63,0.4
199503,1.68,2.61,2.05,2.71,0.97,1.65,1.12,1.3,1.25,1.65,2.19,0.46
199504,0.34,1.19,2.52,2.86,1.9,3.17,1.86,2.99,3.04,4.38,2.11,0.44
199505,1.71,1.41,1.4,1.57,1.45,2.34,2.2,1.48,3.52,2.87,2.9,0.54
199506,8.06,6.86,5.74,5.38,5.91,4.34,4.68,4.01,3.8,4.06,2.72,0.47
199507,7.44,6.24,6.04,4.88,4.93,5.29,6.1,3.86,5.16,5.42,3.72,0.45
199508,3.87,1.66,2.54,3.12,2.89,3.53,4.4,4.21,3.62,4.7,0.55,0.47
199509,3.5,2.7,1.96,1.62,2.51,2.42,3.53,2.01,3.25,3.35,3.35,0.43
199510,-5.54,-5.08,-4.7,-6.19,-5,-3.7,-4.61,-3.19,-3.63,-3.3,-1.52,0.47
199511,2.22,1.63,1.61,3.59,1.29,1.3,2.59,1.94,1.54,0.58,3.96,0.42
199512,0.04,-0.6,0.42,1.21,1.1,1.74,0.99,2.19,1.43,0.4,1.03,0.49
199601,2.28,2.02,2.84,2.44,3.85,2.3,2.2,3.12,2.6,4.62,2.26,0.43
199602,4.31,5.47,4.1,3.41,2.92,4.13,1.56,2.6,3.2,4.34,1.33,0.39
199603,2.36,3.69,2.66,2.06,3.8,2.19,4.28,2.65,3.14,2.67,0.73,0.39
199604,6.87,6.75,7.51,6.95,5.46,6.41,5.43,3.39,5.71,5.4,2.06,0.46
199605,8.12,5.28,6.54,5.61,5.88,6.62,6.9,6.5,6.03,8.04,2.36,0.42
199606,-6.24,-5.66,-4.61,-2.75,-2.82,-2.37,-1.98,-1.6,-1.61,-1.45,-1.14,0.4
199607,-14.14,-11.72,-10.31,-7.72,-8.18,-7.67,-4.52,-5.77,-5.07,-6.43,-5.97,0.45
199608,5.57,5.13,4.78,5.16,3.81,5.21,4.24,4.32,3.45,3.72,2.77,0.41
199609,3.62,3.37,3.92,3.57,2.24,1.38,2.83,3.55,2.8,2.12,5.01,0.44
199610,-7.31,-4.41,-3.19,-1.78,-0.99,-0.17,0.84,0.51,0.27,-0.39,0.86,0.42
199611,0.12,1.9,2.48,2.27,4.2,3.82,4.13,4.56,3.06,3.09,6.25,0.41
199612,-3.32,-2.18,-0.47,-0.87,0.04,0.44,0.96,2.05,0.36,-0.32,-1.7,0.46
199701,8.07,5.42,8.24,5.79,7.18,6.18,5.39,5.55,7.51,6.2,4.99,0.45
199702,-6.47,-3.31,-2.94,-2.36,-1.63,0.04,1.05,1.06,1.08,2.09,-0.49,0.39
199703,-9.64,-7.47,-6.56,-5.41,-3.98,-3.83,-3.81,-2.4,-2.7,-1.72,-5.03,0.43
199704,-3.79,-2.63,-1.97,-2.58,-1.13,-1.22,0.55,-0.69,-1.12,-2.25,4.04,0.43
199705,11.96,11.22,10.37,9.72,10.75,7.92,8.15,7.9,7.1,6.27,6.74,0.49
199706,1.24,4.07,2.64,5,5.19,6.02,4.8,5,5.31,5.51,4.1,0.37
199707,3.95,3.76,4.63,5.16,5.82,6.08,6.32,5.69,5.64,4.89,7.33,0.43
199708,3.63,4.06,2.51,2.78,3.93,2.68,2.44,2.89,3.64,4.7,-4.15,0.41
199709,8.69,8.3,8.84,8.67,7.38,9.17,7.21,8.34,8.41,9.58,5.35,0.44
199710,-4.18,-4.88,-3.79,-2.09,-2.9,-2.91,-1.47,-1.24,-0.81,1.25,-3.8,0.42
199711,-4.3,-2.87,-2.53,-2.2,-2.1,-1.58,-0.47,-0.43,-0.71,-1.14,2.98,0.39
199712,-6.74,-4.8,-4.85,-2.96,-3.56,-0.48,0.14,-0.02,-0.68,-2.83,1.32,0.48
199801,1.93,2.55,0.59,0.69,0.68,-0.45,0.7,-0.86,0.75,3.14,0.15,0.43
199802,6.33,6.49,8.01,6.58,6.75,7.01,6.24,6.38,5.87,5.95,7.04,0.39
199803,4,5.02,4.09,7.47,4.88,3.22,4.79,4.76,4.65,6.41,4.76,0.39
199804,2,1.49,1.96,2.56,3,4.04,1.84,2.9,2.36,3.75,0.73,0.43
199805,-7.71,-5.12,-5.26,-6.21,-4.29,-3.64,-3.28,-3.05,-2.38,-2.15,-3.07,0.4
199806,-2,-2.44,-2.83,-3.33,-2.49,-3.38,-0.89,-2.32,-3.52,-3.02,3.18,0.41
199807,-6.38,-6.53,-7.15,-5.75,-6.45,-5.67,-6.69,-6.43,-5.88,-3.6,-2.46,0.4
199808,-25.34,-22.84,-20.96,-20.38,-19.97,-18.45,-17.31,-17.73,-17.67,-18.68,-16.08,0.43
199809,7.7,7.36,5.71,5.02,4.36,4.18,2.89,3.66,1.95,0.07,6.15,0.46
199810,4.95,6.33,7.01,5.42,3.82,4.05,2.97,3.15,1.41,0.83,7.13,0.32
199811,13.6,8.27,7.57,8.94,5.82,6.91,4.94,4.91,8.07,8.33,6.1,0.31
199812,4.05,4.57,3.29,1.82,1.21,2.28,1.51,2.46,1.76,2.39,6.16,0.38
199901,10.41,7.58,4.69,5.29,3.12,5.98,3.17,4.69,7.92,10.14,3.5,0.35
199902,-6.15,-6.06,-6.82,-6.71,-5.14,-4.21,-3.66,-4.52,-5.02,-2.94,-4.08,0.35
199903,-0.69,-1.1,-1.59,-1.22,0.79,-1.14,-1.34,-3.19,-3.09,-2.31,3.45,0.43
199904,5.38,7.98,8.55,9.47,9.15,11.27,9.03,9.96,8.05,10.34,4.33,0.37
199905,2.08,4.8,3.14,2.31,4.08,4.06,3.81,3.86,4.48,5.85,-2.46,0.34
199906,4.4,4.96,4.95,4.25,4.4,3.98,2.67,2.35,4.04,4.44,4.77,0.4
199907,-1.63,0.19,-0.31,1.09,0.63,0.91,1.15,0.49,2.88,2.27,-3.49,0.38
199908,-2.78,-4.78,-4.2,-3.98,-3.24,-2.93,-1.93,-1.84,-4.05,-3.74,-1.38,0.39
199909,0.8,-1.12,-0.62,-0.99,-2.05,-1.91,-1.64,-2.93,-3.67,-3.75,-2.79,0.39
199910,2.73,1.76,-0.01,-0.4,-1.23,-0.18,-0.51,-1.21,-1.88,-2.25,6.12,0.39
199911,17.86,14.55,8.94,7.41,5.71,5.72,8.45,4.94,6.96,9.23,3.37,0.36
199912,15.69,12.93,12.38,8.15,4.52,3.78,7.45,6.87,4.39,5.69,7.72,0.44
200001,6.41,3.76,4.4,3.24,1.11,2.25,3.66,4.13,6.69,12.52,-4.74,0.41
200002,23.09,13.83,14.41,11.16,4.77,6.09,9.54,10.09,12.09,16.02,2.45,0.43
200003,-2.03,1.14,3,1.99,4,2.15,3.5,0.64,1.28,0.03,5.2,0.47
200004,-15.52,-10.19,-9.74,-6.4,-5.49,-2.99,-4.43,-5.46,-5.97,-8.52,-6.4,0.46
200005,-8.5,-7.44,-5.05,-4.8,-3.31,-3.82,-4.69,-3.56,-4.07,-6.43,-4.42,0.5
200006,12.56,7.85,9.21,5.91,4.74,4.72,5.37,5.67,5.56,5.59,4.64,0.4
200007,-8.89,-5.49,-2.12,-1.15,1.16,1.32,0.99,1.51,1.06,0.07,-2.51,0.48
200008,9.97,8.76,6.56,6.14,4.7,4.6,5.2,4.73,6.17,3.51,7.03,0.5
200009,-10.1,-7.37,-3.36,-2.59,-2.11,-0.75,-1.07,-0.58,-2.08,-1.97,-5.45,0.51
200010,-12.44,-5.58,-4.99,-2.99,-2.5,-2.54,-3.46,-4.41,-4.62,-6.72,-2.76,0.56
200011,-25.61,-15.65,-11.04,-8.12,-7.93,-4.67,-6.32,-5.6,-5.06,-9.34,-10.72,0.51
200012,-6.94,-4,1.65,0.83,3.12,3.77,1.49,2.39,0.33,-1.97,1.19,0.5
200101,39,31.43,21.15,20.38,20.07,14.35,17.5,15.29,17.56,24.57,3.13,0.54
200102,-19.94,-12.03,-8.5,-5.13,-4.29,-1.59,-1.2,-1.08,-0.65,-0.22,-10.05,0.38
200103,-16.65,-9.69,-4.56,-4.54,-3.9,-3.35,-1.26,-2.56,-3.04,-3.2,-7.26,0.42
200104,15.25,11.35,8.58,5.83,6.78,5.45,4.2,3.21,3.52,2.7,7.94,0.39
200105,4.83,7.55,4.6,6.56,5.96,5.92,6.91,8.12,8.11,9.81,0.72,0.32
200106,0.12,2.13,1.01,1.11,3.34,2.92,2.53,2.15,1.99,0.91,-1.94,0.28
200107,-8.17,-6.41,-4.93,-4.56,-4.24,-2.88,-0.53,-1.14,-0.68,-0.32,-2.13,0.3
200108,-8.59,-8.4,-4.25,-4.38,-3.82,-2.98,-1.67,-2.63,-1.32,-2.79,-6.46,0.31
200109,-17.58,-16.35,-15.19,-14.83,-11.58,-11.69,-11.66,-10.47,-11.39,-12.87,-9.25,0.28
200110,15.56,13.12,8.79,7.99,6.63,6.34,6.1,6.33,6.13,4.45,2.46,0.22
200111,11.08,9.95,9.48,9.26,6.88,7.37,7.79,7.39,6.34,8.31,7.54,0.17
200112,6.25,8.66,5.88,6.05,7.58,5.73,6.98,5.6,5.79,6.21,1.6,0.15
200201,-3.37,-4.71,-1.04,-1.63,0.43,1.84,3.5,4.92,5.51,7.96,-1.44,0.14
200202,-9.76,-7.79,-4.36,-2.66,-3.21,-1.97,-2.12,-2.03,-1.69,-2.82,-2.29,0.13
200203,6.6,8.67,9.5,8.07,8.78,7.83,7.72,8.54,7.38,10.28,4.24,0.13
200204,-8.91,-5.92,-1.96,-1.26,-1.24,1.04,2.19,3.95,3.01,4.31,-5.2,0.15
200205,-6.82,-7.3,-4.26,-3.72,-2.95,-3.16,-0.65,-0.91,0.39,1.66,-1.38,0.14
200206,-12.41,-9.83,-9.94,-7.87,-6.78,-6.23,-3.63,-3.88,-4.08,-6.57,-7.21,0.13
200207,-11.91,-14.21,-12.36,-13.95,-12.34,-12.01,-10.91,-10.99,-10.9,-11.28,-8.18,0.15
200208,-0.93,-0.27,0.69,-0.33,0.12,0.82,1.55,0.19,1.01,-0.13,0.5,0.14
200209,-9.21,-11.05,-9.7,-9.02,-9.48,-9.23,-7.5,-6.96,-6.91,-9.69,-10.35,0.14
200210,9.92,8.6,4.18,5.94,6,4.24,3.39,1.97,1.9,3.74,7.84,0.14
200211,14.99,14.86,14.69,12.66,10.44,15.3,9.85,10.96,10.96,13.18,5.96,0.12
200212,-8.81,-8.76,-7.08,-5.77,-4.86,-4.88,-1.67,-3.8,-1.92,-5.02,-5.76,0.11
200301,-1.03,0.28,-0.34,-1.2,-1.82,-0.41,-1.88,-0.77,1.95,2.65,-2.57,0.1
200302,-3.86,-4.2,-2.23,-2.51,-2.02,-3.13,-1.39,-2.58,-2.31,-1.43,-1.88,0.09
200303,3.02,1.26,2.22,0.15,-0.07,-0.44,1.88,2.28,0.52,0.17,1.09,0.1
200304,12.14,11.28,10.58,10.48,10.06,10.92,8.9,8.6,8.92,9.53,8.22,0.1
200305,16.72,18.24,15.38,13.3,12.53,12.71,13.23,11.29,11,15.68,6.05,0.09
200306,4.65,6.56,3.12,2.98,5.05,2.7,3.65,3.9,5.12,8.83,1.42,0.1
200307,6.29,6.73,7.68,5.77,5.92,6.78,7.38,7.46,8.4,9.14,2.35,0.07
200308,4.19,4.7,4.82,3.89,4.07,4.83,4.3,4.43,5.97,7.6,2.34,0.07
200309,3.06,-0.38,-0.23,-0.95,0.03,0,1.17,1.98,5.85,6.65,-1.24,0.08
200310,6.34,8.04,8.1,7.57,6.06,8.7,8.5,9.41,10.96,11.2,6.08,0.07
200311,2.2,2.68,2.5,3.51,3.37,4.08,4.16,3.59,4.55,6.75,1.35,0.07
200312,1.93,2.1,3.38,2.94,3.21,4.01,2.53,2.88,4.4,6.77,4.29,0.08
200401,5.55,5.62,5.17,3.67,5.34,4.83,4.71,7.07,8.78,12,2.15,0.07
200402,0.79,0.73,0.88,1.47,2.01,0.34,1.26,1.35,2.04,0.67,1.4,0.06
200403,-0.98,0.29,1.44,-0.58,0.21,-0.22,0.62,0.31,0.53,1.62,-1.32,0.09
200404,-1.98,-2.56,-3.52,-3.96,-2.98,-2.8,-2.38,-3.84,-3.7,-2.91,-1.83,0.08
200405,-0.9,0.32,0.24,1.03,-0.15,0.82,0.25,0.38,-0.41,0.47,1.17,0.06
200406,0.8,2.15,3.18,3.88,3.5,2.68,2.83,2.41,2.72,3.24,1.86,0.08
200407,-10.78,-9.13,-7.02,-5.88,-4.32,-5.05,-4.97,-5.04,-3.91,-3.56,-4.06,0.1
200408,-2.8,-2.1,-1.56,-0.63,-0.65,0.16,0.1,-0.51,-1.24,-1.75,0.08,0.11
200409,4.73,3.83,3.77,4.44,4.59,5.14,4.51,3.75,3.05,3.38,1.6,0.11
200410,1.73,3.03,2.73,3.21,2.4,2,1.24,1.97,0.73,1.49,1.43,0.11
200411,9.43,8.06,8.26,9.84,7.64,8.65,7.47,8.12,7.1,11.91,4.54,0.15
200412,8.06,6.61,4.41,6.02,4.25,4.47,4.66,4.75,5.01,7.88,3.43,0.16
200501,-5.96,-3.73,-4.11,-3.93,-2.81,-3.59,-1.59,-3.2,-1.21,-2.28,-2.76,0.16
200502,0.36,0.58,0.95,1.44,1.81,1.02,1.21,1.62,1.58,1.77,1.89,0.16
200503,-5.62,-4.33,-2.21,-1.9,-1.97,-2.72,-1.96,-1.37,-2.1,-0.91,-1.97,0.21
200504,-7.6,-4.69,-5.42,-5.39,-5.57,-5.45,-5.17,-5.62,-4.45,-5.98,-2.61,0.21
200505,6.15,7.28,5.75,6.24,5.35,4.86,3.26,4.15,3.31,3.97,3.65,0.24
200506,1.12,2.94,3.2,3.7,3.15,3.62,3.64,3.72,3.68,4.69,0.57,0.23
200507,7.16,6.7,7.47,7.56,5.8,7.22,6.95,5.53,5.4,6.56,3.92,0.24
200508,-3,-2.16,-0.46,-0.99,-1.23,-0.82,-0.44,-1.09,1.15,-1.01,-1.22,0.3
200509,1.03,-0.12,1.17,1.35,0.72,0.36,0.56,0.89,1.34,0.33,0.49,0.29
200510,-4.24,-2.91,-3.73,-2.31,-3.04,-2.87,-3.53,-2.03,-1.98,-3.51,-2.02,0.27
200511,4.14,3.94,3.47,3.82,4.41,3.67,3.66,4.05,3.3,2.69,3.61,0.31
200512,0.41,1.37,0.68,0.15,0.72,0.28,-0.06,0.98,1.29,1.4,-0.25,0.32
200601,8.35,8.47,8.04,8.61,7.77,6.97,8.6,6.88,6.53,7.26,3.04,0.35
200602,0.1,1.23,0.67,0.7,0.72,0.22,0.22,-0.63,0.39,1.19,-0.3,0.34
200603,3.8,3.21,3.68,4.98,4.72,3.95,2.79,4.01,4.94,5.39,1.46,0.37
200604,-1.6,0.04,0.06,0.9,0.36,1.46,0.72,1.21,1.62,1.86,0.73,0.36
200605,-7.55,-6.75,-5.38,-5.22,-3.75,-4.03,-3,-3.75,-2.6,-3.45,-3.57,0.43
200606,-0.79,-1.58,-1.1,-1.07,-1.08,-0.7,-0.1,-0.37,0.13,-0.05,-0.35,0.4
200607,-5.72,-4.09,-4.83,-3.53,-2.7,-2.73,-1.97,-2.16,-1.87,-2.84,-0.78,0.4
200608,2.79,3.04,3.1,1.66,2.61,2.4,1.61,1.66,1.87,1.46,2.03,0.42
200609,-0.08,0.46,1.08,0.59,1.08,0.95,1.39,0.58,1.83,1.9,1.84,0.41
200610,5.94,5.78,4.57,6.5,4.99,5,4.66,4.13,3.29,4.2,3.23,0.41
200611,2.19,1.93,4.38,2.71,2.54,2.23,2.65,1.64,3.42,2.33,1.71,0.42
200612,-0.15,0.03,0.21,0.22,1.77,1.33,1.92,1.89,2.17,3.27,0.87,0.4
200701,3.69,2.82,2.29,2.11,1.27,1.1,1.22,1.66,1.97,3.99,1.4,0.44
200702,0.11,-0.11,0.56,-0.21,0.12,-0.53,0.45,-0.11,-0.12,1.8,-1.96,0.38
200703,1.07,1.17,-0.18,0.78,1.13,-0.1,0.98,-0.32,-0.23,-0.48,0.68,0.43
200704,4.23,3.77,2.57,2.89,1.56,1.35,1,1.54,1.77,1.45,3.49,0.44
200705,1.82,3.67,3.53,3.32,2.74,3.29,2.16,2.09,1.19,1.59,3.24,0.41
200706,-1.64,-0.37,-0.28,-0.69,-0.91,-0.68,-1.6,-1.04,-0.69,0.43,-1.96,0.4
200707,-3.74,-4.85,-4.69,-5.32,-5.05,-4.72,-5.6,-5.41,-6.63,-4.6,-3.73,0.4
200708,-0.01,-0.22,-0.68,0.85,-0.11,0.62,0.13,-1.15,-1.16,-5.23,0.92,0.42
200709,2.51,2.7,3.71,1.63,1.59,1.02,0.85,0.97,0.3,-0.64,3.22,0.32
200710,1.86,4.26,2.56,2.33,0.38,0.33,-0.01,0.57,-2.04,-0.67,1.8,0.32
200711,-8.53,-7.77,-7.32,-7.76,-7.26,-8.97,-7.45,-8.38,-7.8,-10.05,-4.83,0.34
200712,-1.38,-0.9,-0.52,-0.07,-1.01,-1.98,-1.62,-1.86,-2.47,-2.78,-0.87,0.27
200801,-6.59,-8.35,-5.75,-6.03,-5.71,-3.93,-3.63,-3.55,-3.5,-2.43,-6.36,0.21
200802,-4.51,-1.87,-2.29,-2.12,-4.22,-2.91,-1.3,-2.82,-2.98,-3.21,-3.09,0.13
200803,-3.38,-2.7,-2.94,-0.15,-1.27,-0.72,-2.46,-1.85,-2.22,-2.72,-0.93,0.17
200804,2.55,3.98,5.38,2.49,2.42,3.72,2.18,0.94,0.7,0.91,4.6,0.18
200805,4.09,5.76,4.9,2.75,4.24,4.02,3.41,2.38,1.45,1.77,1.86,0.18
200806,-8.33,-8.36,-8.73,-9.94,-9.54,-10.12,-9.03,-9.56,-12.34,-9.9,-8.44,0.17
200807,0.4,0.6,1.36,0.22,1.26,2.17,1.85,2.87,0.9,-0.71,-0.77,0.15
200808,0.59,0.99,3.43,1.58,2.26,2.96,3.04,2.75,2.96,4.78,1.53,0.13
200809,-13.49,-14.17,-11.51,-12.43,-10.75,-10.8,-7.01,-8.63,-8.4,-11.47,-9.24,0.15
200810,-23.26,-24.3,-19.26,-22.58,-21.89,-20.63,-19.96,-18.47,-17.5,-25.64,-17.23,0.08
200811,-14.53,-10.9,-12.12,-12.85,-12.73,-13.99,-14.5,-13.48,-16.36,-17.76,-7.86,0.03
200812,4.83,2.98,5.36,4.91,4.83,6.13,1.55,2.76,1.58,-1.9,1.74,0
200901,-1.94,-1.64,-3.75,-1.06,-3.29,-4.48,-7.94,-8.1,-8.24,-1.95,-8.12,0
200902,-9.86,-10,-11.23,-11.27,-12.24,-12.78,-10.28,-13.66,-12.23,-16.38,-10.1,0.01
200903,14.04,12.27,12.71,12.56,12.3,11.76,11.91,11.37,12.33,15.18,8.95,0.02
200904,20.47,20.39,19.85,23.81,21.76,20.14,19.13,21.2,21.67,29.27,10.18,0.01
200905,7.77,8.64,7.97,9.74,12.34,7.05,11.86,8.69,7.74,13.79,5.21,0
200906,6.26,5.13,3.07,3.58,3.2,2.09,3.19,-0.67,3.73,2.98,0.43,0.01
200907,6.68,8.77,7.2,7.93,9.13,9.22,10,9.37,9.88,9.83,7.72,0.01
200908,2.46,2.45,3.36,2.38,3.56,6.2,4.97,6.16,7.24,14.53,3.33,0.01
200909,7.23,6.83,5.91,6.26,6.98,5.31,7.55,6.04,5.72,9.7,4.08,0.01
200910,-7.4,-5.04,-5.38,-5.48,-5.47,-5.91,-6.32,-6.87,-6.66,-7.9,-2.59,0
200911,2.89,2.05,2.03,2.05,1.84,2.29,1.52,2.01,1.75,0.52,5.56,0
200912,5.83,7.04,7.77,6.56,7.44,7.33,6.06,6.41,6.09,6.3,2.75,0.01
201001,-1.82,-4.35,-3.65,-3.06,-2.83,-2.01,-1.57,-1.08,1.48,5.89,-3.36,0
201002,3.49,2.89,3.73,4.64,3.97,3.32,3.59,4.49,3.41,4.43,3.4,0
201003,7.13,6.45,6.28,7.09,7.62,8.6,7.08,6.86,8.94,10.12,6.31,0.01
201004,5.18,4.22,5.24,6.39,3.99,5.86,7.49,8.66,9.41,14.74,2,0.01
201005,-8.04,-6.21,-6.92,-6.52,-7.15,-7.7,-8.7,-7.61,-8.49,-10.7,-7.89,0.01
201006,-7.03,-5,-5.67,-7.12,-5.78,-7.54,-7.63,-7.46,-8.73,-11.89,-5.57,0.01
201007,6.22,6.64,5.55,6.7,6.34,6.26,6.34,6.15,5.96,3.57,6.93,0.01
201008,-5.98,-5.94,-6.3,-6.34,-7.18,-6.57,-6.95,-7.52,-6.52,-7.4,-4.77,0.01
201009,14.51,11.02,11.35,12.15,12.68,11.05,10.79,10.18,9.78,7.41,9.54,0.01
201010,3.97,4.91,5.12,4.17,5.39,5.05,5.28,3.13,3.89,3.11,3.88,0.01
201011,1.83,1.59,4.08,2.74,2.84,3.49,3.33,2.31,1.7,0.35,0.6,0.01
201012,8.76,8.45,6.74,7.84,7.98,9.04,8.2,7.54,8.57,8.97,6.82,0.01
201101,0.17,1.13,0.38,1.56,1.21,1.02,1.43,2.71,0.94,5.71,1.99,0.01
201102,3.12,3.37,5.11,5.13,3.99,4.34,5.31,4,4.37,4.09,3.49,0.01
201103,2.8,1.86,1.58,2.84,2.24,0.81,1.67,0.33,1.1,-1.31,0.46,0.01
201104,2.46,3.13,1.34,1.02,2.49,2.1,1.33,1.31,0.68,-0.23,2.9,0
201105,-0.97,-2.23,-1.02,-0.58,-1.27,-2.86,-3.59,-2.39,-2.2,-2.37,-1.27,0
201106,-3.48,-2.96,-3.2,-2.46,-2.2,-1.29,-1.76,-1.32,-2.26,-2.75,-1.75,0
201107,-4.08,-4.29,-2.82,-3.1,-2.63,-2.9,-2.07,-0.97,-0.87,-1.72,-2.35,0
201108,-9.35,-8.54,-8.94,-9.35,-10.13,-8.61,-9.05,-10.27,-8.41,-9.61,-5.99,0.01
201109,-11.31,-11.08,-11.84,-11.1,-12.09,-10.5,-10.25,-10.23,-9.09,-9.4,-7.59,0
201110,12.06,15.5,14.66,14.98,14.38,13.23,13.33,12.48,10.59,5.98,11.35,0
201111,-2.3,-2.69,-1.57,-2.25,-1.13,-1.05,-0.72,0.22,0.59,-2.81,-0.28,0
201112,-2.04,-1.42,0.66,-0.23,0.02,1.74,0.87,0.64,0.77,1.05,0.74,0
201201,12.12,9.57,7.01,9.14,8.54,8.48,7.23,6.63,7.35,9.71,5.05,0
201202,4.99,3.16,3.84,3.06,2.78,2.78,2.72,3.02,4.24,5.85,4.42,0
201203,2.26,2.34,2.27,2.02,2.68,2.63,3.88,2.86,2.63,6.11,3.11,0
201204,-2.92,-1.85,-1.83,-2.27,-1.72,-1.63,-1.03,-1.05,-0.56,0.1,-0.85,0
201205,-7.84,-8.1,-7.47,-7.03,-8.28,-6.85,-7.86,-6.79,-5.78,-4.18,-6.19,0.01
201206,4.64,3.3,2.96,4.63,2.56,4.28,4.13,3.85,3.92,3.42,3.89,0
201207,-1.99,-0.89,1.86,-0.4,-1.39,-1.09,-0.85,-0.73,-1.29,-1.48,0.79,0
201208,2.72,3.38,3.1,1.59,4.22,1.93,2.15,3.62,2.1,3.17,2.55,0.01
201209,4.31,2.79,3.03,5.94,3.35,3.64,4.24,3.56,4.08,3.51,2.73,0.01
201210,-4.96,-3.97,-1.62,-2.38,-1.72,-2.17,-1.89,-0.57,-1.84,1.15,-1.76,0.01
201211,0.39,1.06,0.51,0.51,-0.03,0.09,-0.41,-0.07,1.37,0.62,0.78,0.01
201212,0.94,1.93,3.24,2.85,2.12,2.9,3.47,3.88,3.47,2.43,1.18,0.01
201301,7.61,5.93,6.14,6.48,6.92,7.13,7.36,6.57,6.18,10.54,5.57,0
201302,-0.12,0.65,1.51,0.08,0.95,0.05,1.3,1.78,0.65,2.88,1.29,0
201303,5.19,4.45,4.48,4.78,4.31,3.48,4.28,4.33,4.32,3.29,4.03,0
201304,1.47,-0.5,-0.58,-0.63,-0.71,-0.69,0.46,0.36,-1.01,-0.4,1.55,0
201305,3.71,4.85,4.83,4.72,3.82,5.76,3.92,5.14,3.58,6.38,2.8,0
201306,-1.52,-0.95,-1.44,-0.44,-0.38,0.92,0.12,0.41,0.04,0.19,-1.2,0
201307,7.91,7.11,7.2,6.7,7.4,6.06,6.94,7.82,7.45,7.54,5.65,0
201308,-1.02,-2.38,-2.14,-1.71,-2.48,-2.46,-3.39,-3.26,-2.66,-1.05,-2.71,0
201309,5.88,6.1,5.63,6.46,6.25,5.81,5.22,7.04,5.28,4.96,3.77,0
201310,0.41,2.48,1.46,3.24,2.04,2.84,4.91,3.82,3.47,3.02,4.18,0
201311,6.1,4.47,3.21,4.11,4.23,3.05,4.71,4.52,4.67,3.59,3.13,0
201312,2.07,3,2.92,4.1,3.47,3.3,2.22,1.79,2.06,2.43,2.81,0
201401,1.47,0.86,-0.21,-2.19,-1.28,-1.62,-2.12,-2.32,-1.89,1.5,-3.32,0
201402,5.65,4.24,4.72,3.7,5.2,4.71,3.82,4.56,3.54,4.92,4.65,0
201403,-3.88,-1.53,0.2,1.2,0.71,0.74,1.37,0.62,1.83,2.01,0.43,0
201404,-6.55,-2.92,-4.15,-2.9,-2.73,-2.85,-2.67,-2.09,-2.87,-4.19,-0.19,0
201405,0.67,-0.55,0.25,-0.02,0.95,0.81,-0.15,0.05,0.38,-0.85,2.06,0
201406,5.01,5.02,5.63,4.23,4.67,3.71,3.74,3.85,3.24,4.09,2.61,0
201407,-5.94,-4.97,-5.25,-5.92,-5.62,-5.32,-4.18,-5.14,-4,-2.73,-2.04,0
201408,4.64,5.01,5.28,4.72,4.4,3.65,3.59,4.14,4.37,2.72,4.24,0
201409,-5.29,-4.08,-4.54,-4.23,-4.96,-5.68,-4.89,-4.67,-4.74,-4.47,-1.97,0
201410,4.37,4.12,4.31,4.02,3.43,4.02,4.08,3.54,3.19,-0.23,2.52,0
201411,1.01,1.62,1.25,-0.03,-0.12,-0.1,-0.23,-1.09,-1.95,-0.92,2.55,0
201412,1.14,1.56,1.32,3.33,1.55,2.07,3.79,2.07,2,1.32,-0.06,0
201501,-1.49,-2.44,-3.89,-3.31,-4.48,-3.6,-4.47,-3.67,-4.58,-3.76,-3.11,0
201502,7.71,6.11,8.65,7.97,7.63,7.8,5.96,4.91,4.85,5.39,6.13,0
201503,-0.26,0.08,0.99,-0.69,-0.85,0.72,0.85,1.25,0.28,-0.52,-1.12,0
201504,2,-2.72,-0.37,-0.35,-1.49,-0.31,0.24,-0.55,1.48,1.82,0.59,0
201505,1.5,1.8,0.25,3.22,1.34,1.03,0.77,0,-0.63,-0.59,1.36,0
201506,0.48,1.03,0.48,-0.44,-1.36,-0.68,-0.42,-0.91,0.38,-0.58,-1.53,0
201507,-0.49,-0.84,0,-1.31,-2.79,-3.56,-3.92,-3.36,-3.27,-7.66,1.54,0
201508,-8.35,-6.89,-5.9,-6.29,-4.92,-1.02,-4.18,-3.92,-3.07,0.64,-6.04,0
201509,-7.31,-7.14,-5.28,-6.75,-4.93,-4.62,-4.36,-4.45,-3.46,-6.76,-3.07,0
201510,5.41,5.18,5.99,6.31,6.09,6.57,5.04,5.14,3.41,5,7.75,0
201511,3.63,3.33,3.52,1.17,1.05,6.98,1.68,2.73,2.92,0.15,0.56,0
201512,-2.42,-4.74,-5.15,-4.94,-4.19,-4.82,-4.65,-6.09,-4.34,-5.83,-2.17,0.01
201601,-13.29,-10.34,-8.96,-9.44,-7.56,-8.39,-7.79,-7.69,-7.33,-9.14,-5.77,0.01
201602,-0.44,0.42,0.82,1.86,0.86,2.16,0.88,0.03,-0.6,-0.76,-0.07,0.02
201603,5.88,7.12,8.09,9.72,8.6,6.53,9.01,8.4,7.41,10.68,6.96,0.02
201604,3.26,3.06,1.45,2.37,3.59,2.54,3.36,4.28,5.18,6.6,0.91,0.01
201605,1.54,1.6,1.62,0.94,0.79,1.2,-0.07,-1.01,0.44,-0.56,1.78,0.01
201606,-2.45,-0.67,-1.98,-0.72,-1.32,-0.93,0.39,-0.68,0.85,2.75,-0.05,0.02
201607,6.35,5.75,4.51,6.08,5.61,6.07,3.88,4.12,4.92,10.3,3.95,0.02
201608,0.16,1.16,1.33,0.73,2.81,2.69,2.06,3.25,3.37,2.59,0.49,0.02
201609,3.99,3.35,0.53,2.1,3.1,1.7,1.75,1.89,1.47,2.37,0.25,0.02
201610,-7.9,-5.96,-6.53,-7.54,-5.13,-5.61,-3.4,-3.24,-1.97,-6.86,-2.02,0.02
201611,4.61,5.3,7.57,6.58,8.95,12.23,10.09,11.72,11,14.26,4.86,0.01
201612,-0.96,-0.27,0.78,1.05,0.73,2.76,4.76,5.06,3.86,2.86,1.81,0.03
201701,3.46,1.54,3.25,0.82,1.17,1.95,-0.67,0.26,1.72,1.33,1.94,0.04
201702,3.97,4.64,2.37,1.44,2,1.89,1.48,1.54,1.04,-1.24,3.57,0.04
201703,0.93,1.03,1,1.08,0.92,1.52,-0.13,1.13,0.55,-1.97,0.17,0.03
201704,1.97,1.22,0.88,0.2,0.9,-0.43,1.63,0.32,0.37,-2.25,1.09,0.05
201705,-0.57,-0.09,-1.11,-2.22,-1.36,-3.65,-2.42,-2.37,-2.22,-4.09,1.06,0.06
201706,4.24,4.7,3.08,3.91,2.93,3.83,2.92,5.91,2.99,2.99,0.78,0.06
201707,-0.03,-0.03,-0.21,-0.55,-0.11,-0.13,0.75,0.16,0.56,-0.63,1.87,0.07
201708,-2.22,-0.15,-0.93,-2.56,-1.84,-0.98,-1.3,-1.97,-2.03,-2.35,0.16,0.09
201709,5.94,5.36,5.27,5.21,9.05,9.76,8.73,7.71,8.24,7.57,2.51,0.09
201710,-0.4,0.97,-0.36,0.4,1.13,0.7,0.43,-0.24,0.75,1.35,2.25,0.09
201711,4.44,2.07,3.35,2.67,4.04,3.21,2.39,3.55,4.71,3.51,3.12,0.08
201712,2.63,0.6,0.44,0.62,0.89,-0.56,-0.93,0.58,0.98,3.05,1.06,0.09
201801,3.85,3.57,3.04,4.38,3.04,1.58,2.52,2.89,2.67,2.58,5.57,0.12
201802,-3.56,-4.04,-3.86,-2.48,-3.86,-5.76,-4.39,-3.89,-3.01,-4.52,-3.65,0.11
201803,0.25,1.65,0.44,0.53,0.01,0.23,3.41,1.65,0.87,-0.25,-2.35,0.11
201804,0.02,-0.53,1.04,0.13,0.85,0.03,1.06,0.81,1.47,1.21,0.28,0.14
201805,6.45,6.97,4.42,5.25,4.97,4.97,6.02,3.68,4.22,3.01,2.65,0.14
201806,0.66,2.45,1.13,0.43,0.29,-0.07,-0.18,-0.67,2.21,0.12,0.48,0.14
201807,0.11,1.14,1.18,2.16,1.96,0.87,-0.62,0.66,0.19,0.35,3.19,0.16
201808,6.69,5.41,6.52,4.14,2.4,2.21,2.34,0.71,1.49,1.99,3.44,0.16
201809,0.03,-1.56,0.3,-0.84,-2.69,-3.29,-2.98,-2.15,-3.53,-1.64,0.06,0.15
201810,-12.22,-12.3,-11.49,-11.63,-10.02,-9.57,-8.79,-8.61,-7.75,-9.96,-7.68,0.19
201811,-0.35,1.79,0,1.54,1.27,0.53,-0.56,1.29,-2.2,-3.39,1.69,0.18
201812,-11.96,-13.54,-13.17,-12.86,-13.01,-12.58,-12.3,-12.39,-12.26,-15.1,-9.57,0.2
201901,18.17,13.9,15,13.36,13.16,12.17,11.33,11.56,11.82,15.28,8.4,0.21
201902,7.51,5.51,5.36,4.63,5.75,5.51,3.82,5.32,4.82,2.81,3.4,0.18
201903,0.77,0.41,0.03,-2.19,0.86,-1.71,-1.91,-3.53,-2.42,-3.09,1.1,0.19
201904,1.98,2.75,2.71,2.05,3.7,3.08,4.14,3.45,2.47,1.69,3.97,0.21
201905,-7.14,-8.25,-8.09,-6.97,-8.77,-8.35,-9.6,-8.88,-7.94,-9.83,-6.94,0.21
201906,7.74,6.98,8.84,6.68,7.89,5.18,5.91,5.71,3.6,1.58,6.93,0.18
201907,-0.04,-1.01,-0.21,0.29,-0.95,0.26,-1.36,-1.27,0.47,-3.35,1.19,0.19
201908,-1.58,-4.5,-5.64,-5.41,-5.78,-5.55,-6.63,-4.82,-6.72,-8.11,-2.58,0.16
201909,-2.94,-1,0.33,2.62,2.25,2.92,4.05,4.41,5.38,5.74,1.43,0.18
201910,3.77,1.76,1.05,-0.14,-0.17,0.68,1.13,-0.19,0.71,-4.41,2.06,0.16
201911,7.53,6.77,3.62,4.12,2.09,2.7,2.72,3.39,3.95,0.53,3.87,0.12
201912,3.38,2.09,5.34,4.59,5.98,4.17,4.1,5.22,4.31,11.47,2.77,0.14
202001,0.51,-0.9,-1.31,-1.15,-1.5,-0.94,-3.12,-4.11,-2.72,-4.26,-0.11,0.13
202002,-6.8,-7.41,-5.59,-7.61,-7.41,-7.09,-8.77,-8.14,-9.8,-6.7,-8.13,0.12
202003,-17.82,-17.44,-17.23,-19.65,-21.78,-19.9,-24.97,-26.36,-29.31,-28.89,-13.39,0.13
202004,21.51,19.07,18.98,18.67,15.29,16.21,15.39,15.99,20.77,27.08,13.65,0
202005,12.14,10.09,9.5,6.82,6.79,7.48,4.46,3.33,6.6,7.3,5.58,0.01
202006,5.85,5.85,3.08,6.1,4.39,6.09,5.05,6.9,4.69,13.07,2.46,0.01
202007,2.47,3.51,4.58,3.28,7.98,4.33,3.23,2.54,2.42,7.54,5.77,0.01
202008,5.55,4.25,4.87,5.65,2.28,3.86,6.47,2.26,4.39,5.14,7.63,0.01
202009,-0.3,-2.03,-0.52,-3.45,-3.77,-4.43,-4.58,-3.85,-1.78,-4.08,-3.63,0.01
202010,-1.12,-0.48,0.93,1.26,0.77,1.88,2.15,4.94,3.83,2.44,-2.1,0.01
202011,16.29,20.66,19.32,18.13,19.39,19.3,20.16,19.64,21.7,28.5,12.47,0.01
202012,10.58,7.99,8.15,8.93,10.01,7.99,7.24,8.78,9.12,9.98,4.63,0.01
202101,7.23,8.8,6.39,8.52,7.84,8.03,7.26,9.33,11.4,35.53,-0.03,0.01
202102,4.54,4.92,8.24,8.45,9.52,9.76,10.48,12.4,11.94,13.74,2.78,0
202103,-2.75,-1.42,1.26,2.28,2.57,4.01,5.63,5.19,7.73,2.78,3.08,0
202104,2.15,1.46,0.8,0.97,2.58,1.61,0.51,5.19,0.59,0.45,4.93,0
202105,-1.32,-0.89,-0.36,2.08,1.2,1.41,2.06,3.45,4.89,7.77,0.29,0
202106,5.8,5.26,2.95,2.32,-0.03,1.69,-0.8,-0.68,0.8,7.43,2.75,0
202107,-3.5,-4.66,-4.42,-3.23,-4.05,-1.69,-4.46,-2.93,-2.23,-3.25,1.27,0
202108,1.61,2.84,2.9,2.91,1.95,3,1.58,2.49,2.25,3.51,2.91,0
202109,-5.33,-5.65,-4.11,-4.04,-4.17,-3.47,-3.02,-0.98,0.3,2.17,-4.37,0
202110,3.77,2.58,1.2,2.06,1.6,2.17,1.32,2.57,2.63,3.73,6.65,0
202111,-7.43,-8.4,-6.78,-4.64,-4.02,-2.6,-4.61,-4.87,-3.12,-4.61,-1.55,0
202112,-3.09,-1.51,-0.7,0.58,1.35,2.36,3.04,1.44,2.4,2.79,3.1,0.01
202201,-14.08,-13.61,-12.34,-9.95,-9.62,-7.15,-5.76,-3.51,-1.55,0.51,-6.25,0
202202,-2.05,-1.36,-2.44,-1.29,0.04,-0.23,1.35,-0.62,0.49,3.89,-2.29,0
202203,1.8,1.87,3.75,1.64,2.5,0.94,3.22,2.84,0.02,3.44,3.05,0.01
202204,-15.07,-15.21,-14.05,-12.22,-11.26,-9.67,-9.41,-9,-5.98,-5.15,-9.46,0.01
202205,-6.76,-4.93,-3.29,-2.05,-0.93,0.73,0.21,1.29,1.49,1.4,-0.34,0.03
202206,-4.88,-5.27,-3.92,-5.7,-6.43,-6.62,-7.64,-8.64,-7.5,-11.44,-8.43,0.06
202207,11.91,12.09,11.44,9.48,7.93,9.53,8.56,7.2,4.95,5.38,9.57,0.08
202208,-0.14,0.99,-2.12,0.73,-0.33,-2.2,-0.89,-0.39,-0.08,-0.15,-3.77,0.19
202209,-9.74,-10.22,-9.58,-11.5,-10.97,-12.02,-10.74,-12.35,-9.63,-12.52,-9.35,0.19
202210,4.19,6.7,5.6,6.54,8.45,9.15,9.18,6.63,9.49,7.5,7.83,0.23
202211,2.01,0.53,0.09,3.57,0.89,0.26,1.63,1.01,0.38,-0.01,4.6,0.29
202212,-6.78,-4.32,-5.09,-7.38,-6.42,-6.96,-5.78,-7.5,-5.32,-4.84,-6.41,0.33
202301,13.3,13.53,16.98,16.19,15.95,15.24,15.06,16.4,11.57,16.43,6.65,0.35
202302,-2.42,-3.14,-4,-5.3,-3.39,-4.45,-3.88,-4.24,-3,-3.08,-2.58,0.34
202303,-1.78,-3.73,-4.23,-4.79,-5.12,-6.63,-6.53,-8.26,-10.3,-8.74,2.51,0.36
202304,-1.98,-1.17,-1.7,-0.74,-1.53,-2,-2.9,-1.97,-3.94,-1.66,0.61,0.35
202305,2.59,2.82,0.43,0.89,0.72,-1.85,-1.36,-2,-1.53,-2.48,0.35,0.36
202306,6.54,6.01,5.42,4.65,7.6,5.79,7.41,7.07,6.4,7.21,6.46,0.4
202307,2.82,2.35,3.17,3.3,4.66,3.08,6.1,9.13,8.11,6.3,3.21,0.45
202308,-5.49,-4.67,-7.21,-5.02,-6.76,-7.99,-5.33,-5.78,-5.05,-8.17,-2.39,0.45
202309,-7.54,-7.18,-7.51,-6.35,-7.28,-6.23,-4.04,-6.65,-6.45,-7.51,-5.24,0.43
202310,-7.62,-6.53,-8.43,-7.75,-7.02,-7.08,-6.18,-7.06,-7.68,-8.42,-3.19,0.47
202311,9.86,9.89,8.57,7.18,11.69,13.72,8.74,10.56,6.54,6.99,8.84,0.44